ano,uf,n_ativos,lente,populacao,A_raw,janela
2014,AC,1841,nucleo,790101.0,23.3,2014-2022
2015,AC,2005,nucleo,803513.0,24.95,2014-2022
2016,AC,2059,nucleo,816687.0,25.21,2014-2022
2017,AC,2151,nucleo,829619.0,25.93,2014-2022
2018,AC,2196,nucleo,869265.0,25.26,2014-2022
2019,AC,2219,nucleo,881935.0,25.16,2014-2022
2020,AC,2175,nucleo,894470.0,24.32,2014-2022
2021,AC,2175,nucleo,906876.0,23.98,2014-2022
2022,AC,2166,nucleo,,,2014-2022
2023,AC,2162,nucleo,,,2023-2025
2024,AC,2206,nucleo,880631.0,25.05,2023-2025
2025,AC,2301,nucleo,884372.0,26.02,2023-2025
2014,AL,5230,nucleo,3321730.0,15.74,2014-2022
2015,AL,5263,nucleo,3340932.0,15.75,2014-2022
2016,AL,5292,nucleo,3358963.0,15.75,2014-2022
2017,AL,5552,nucleo,3375823.0,16.45,2014-2022
2018,AL,5560,nucleo,3322820.0,16.73,2014-2022
2019,AL,5361,nucleo,3337357.0,16.06,2014-2022
2020,AL,5420,nucleo,3351543.0,16.17,2014-2022
2021,AL,5415,nucleo,3365351.0,16.09,2014-2022
2022,AL,5396,nucleo,,,2014-2022
2023,AL,4352,nucleo,,,2023-2025
2024,AL,4345,nucleo,3220104.0,13.49,2023-2025
2025,AL,4320,nucleo,3220848.0,13.41,2023-2025
2014,AM,4674,nucleo,3873743.0,12.07,2014-2022
2015,AM,5097,nucleo,3938336.0,12.94,2014-2022
2016,AM,5185,nucleo,4001667.0,12.96,2014-2022
2017,AM,5381,nucleo,4063614.0,13.24,2014-2022
2018,AM,5315,nucleo,4080611.0,13.03,2014-2022
2019,AM,5188,nucleo,4144597.0,12.52,2014-2022
2020,AM,5178,nucleo,4207714.0,12.31,2014-2022
2021,AM,5078,nucleo,4269995.0,11.89,2014-2022
2022,AM,5084,nucleo,,,2014-2022
2023,AM,5431,nucleo,,,2023-2025
2024,AM,5487,nucleo,4281209.0,12.82,2023-2025
2025,AM,5458,nucleo,4321616.0,12.63,2023-2025
2014,AP,1432,nucleo,750912.0,19.07,2014-2022
2015,AP,1448,nucleo,766679.0,18.89,2014-2022
2016,AP,1771,nucleo,782295.0,22.64,2014-2022
2017,AP,1920,nucleo,797722.0,24.07,2014-2022
2018,AP,2050,nucleo,829494.0,24.71,2014-2022
2019,AP,1979,nucleo,845731.0,23.4,2014-2022
2020,AP,1951,nucleo,861773.0,22.64,2014-2022
2021,AP,1939,nucleo,877613.0,22.09,2014-2022
2022,AP,1812,nucleo,,,2014-2022
2023,AP,1789,nucleo,,,2023-2025
2024,AP,1831,nucleo,802837.0,22.81,2023-2025
2025,AP,1936,nucleo,806517.0,24.0,2023-2025
2014,BA,9613,nucleo,15126371.0,6.36,2014-2022
2015,BA,9901,nucleo,15203334.0,6.51,2014-2022
2016,BA,10035,nucleo,15276566.0,6.57,2014-2022
2017,BA,10025,nucleo,15344447.0,6.53,2014-2022
2018,BA,10406,nucleo,14812617.0,7.03,2014-2022
2019,BA,9939,nucleo,14873064.0,6.68,2014-2022
2020,BA,9894,nucleo,14930634.0,6.63,2014-2022
2021,BA,9789,nucleo,14985284.0,6.53,2014-2022
2022,BA,9754,nucleo,,,2014-2022
2023,BA,10801,nucleo,,,2023-2025
2024,BA,11049,nucleo,14850513.0,7.44,2023-2025
2025,BA,10761,nucleo,14870907.0,7.24,2023-2025
2014,CE,9337,nucleo,8842791.0,10.56,2014-2022
2015,CE,9627,nucleo,8904459.0,10.81,2014-2022
2016,CE,10098,nucleo,8963663.0,11.27,2014-2022
2017,CE,10515,nucleo,9020460.0,11.66,2014-2022
2018,CE,10570,nucleo,9075649.0,11.65,2014-2022
2019,CE,9981,nucleo,9132078.0,10.93,2014-2022
2020,CE,9860,nucleo,9187103.0,10.73,2014-2022
2021,CE,9791,nucleo,9240580.0,10.6,2014-2022
2022,CE,9718,nucleo,,,2014-2022
2023,CE,11329,nucleo,,,2023-2025
2024,CE,11346,nucleo,9233656.0,12.29,2023-2025
2025,CE,11455,nucleo,9268836.0,12.36,2023-2025
2014,DF,6074,nucleo,2852372.0,21.29,2014-2022
2015,DF,6394,nucleo,2914830.0,21.94,2014-2022
2016,DF,6783,nucleo,2977216.0,22.78,2014-2022
2017,DF,6621,nucleo,3039444.0,21.78,2014-2022
2018,DF,6858,nucleo,2974703.0,23.05,2014-2022
2019,DF,6940,nucleo,3015268.0,23.02,2014-2022
2020,DF,6910,nucleo,3055149.0,22.62,2014-2022
2021,DF,6796,nucleo,3094325.0,21.96,2014-2022
2022,DF,6716,nucleo,,,2014-2022
2023,DF,13234,nucleo,,,2023-2025
2024,DF,13586,nucleo,2982818.0,45.55,2023-2025
2025,DF,14375,nucleo,2996899.0,47.97,2023-2025
2014,ES,7103,nucleo,3885049.0,18.28,2014-2022
2015,ES,7080,nucleo,3929911.0,18.02,2014-2022
2016,ES,7264,nucleo,3973697.0,18.28,2014-2022
2017,ES,7247,nucleo,4016356.0,18.04,2014-2022
2018,ES,7202,nucleo,3972388.0,18.13,2014-2022
2019,ES,7038,nucleo,4018650.0,17.51,2014-2022
2020,ES,6978,nucleo,4064052.0,17.17,2014-2022
2021,ES,6949,nucleo,4108508.0,16.91,2014-2022
2022,ES,6843,nucleo,,,2014-2022
2023,ES,7022,nucleo,,,2023-2025
2024,ES,6996,nucleo,4102129.0,17.05,2023-2025
2025,ES,7013,nucleo,4126854.0,16.99,2023-2025
2014,GO,7447,nucleo,6523222.0,11.42,2014-2022
2015,GO,7521,nucleo,6610681.0,11.38,2014-2022
2016,GO,7743,nucleo,6695855.0,11.56,2014-2022
2017,GO,7756,nucleo,6778772.0,11.44,2014-2022
2018,GO,7878,nucleo,6921161.0,11.38,2014-2022
2019,GO,7645,nucleo,7018354.0,10.89,2014-2022
2020,GO,7644,nucleo,7113540.0,10.75,2014-2022
2021,GO,7601,nucleo,7206589.0,10.55,2014-2022
2022,GO,7582,nucleo,,,2014-2022
2023,GO,7694,nucleo,,,2023-2025
2024,GO,7774,nucleo,7350483.0,10.58,2023-2025
2025,GO,7805,nucleo,7423629.0,10.51,2023-2025
2014,MA,5850,nucleo,6850884.0,8.54,2014-2022
2015,MA,6226,nucleo,6904241.0,9.02,2014-2022
2016,MA,6848,nucleo,6954036.0,9.85,2014-2022
2017,MA,7046,nucleo,7000229.0,10.07,2014-2022
2018,MA,7104,nucleo,7035055.0,10.1,2014-2022
2019,MA,7147,nucleo,7075181.0,10.1,2014-2022
2020,MA,7173,nucleo,7114598.0,10.08,2014-2022
2021,MA,7123,nucleo,7153262.0,9.96,2014-2022
2022,MA,7085,nucleo,,,2014-2022
2023,MA,7220,nucleo,,,2023-2025
2024,MA,7209,nucleo,7010960.0,10.28,2023-2025
2025,MA,7140,nucleo,7018211.0,10.17,2023-2025
2014,MG,32352,nucleo,20734097.0,15.6,2014-2022
2015,MG,32588,nucleo,20869101.0,15.62,2014-2022
2016,MG,33075,nucleo,20997560.0,15.75,2014-2022
2017,MG,33274,nucleo,21119536.0,15.76,2014-2022
2018,MG,33754,nucleo,21040662.0,16.04,2014-2022
2019,MG,32820,nucleo,21168791.0,15.5,2014-2022
2020,MG,32691,nucleo,21292666.0,15.35,2014-2022
2021,MG,32311,nucleo,21411923.0,15.09,2014-2022
2022,MG,32018,nucleo,,,2014-2022
2023,MG,37016,nucleo,,,2023-2025
2024,MG,37091,nucleo,21322691.0,17.4,2023-2025
2025,MG,38786,nucleo,21393441.0,18.13,2023-2025
2014,MS,5553,nucleo,2619657.0,21.2,2014-2022
2015,MS,5683,nucleo,2651235.0,21.44,2014-2022
2016,MS,5900,nucleo,2682386.0,22.0,2014-2022
2017,MS,6085,nucleo,2713147.0,22.43,2014-2022
2018,MS,6181,nucleo,2748023.0,22.49,2014-2022
2019,MS,6149,nucleo,2778986.0,22.13,2014-2022
2020,MS,6107,nucleo,2809394.0,21.74,2014-2022
2021,MS,6034,nucleo,2839188.0,21.25,2014-2022
2022,MS,5935,nucleo,,,2014-2022
2023,MS,6286,nucleo,,,2023-2025
2024,MS,6263,nucleo,2901895.0,21.58,2023-2025
2025,MS,6307,nucleo,2924631.0,21.57,2023-2025
2014,MT,5271,nucleo,3224357.0,16.35,2014-2022
2015,MT,5308,nucleo,3265486.0,16.25,2014-2022
2016,MT,5512,nucleo,3305531.0,16.68,2014-2022
2017,MT,5594,nucleo,3344544.0,16.73,2014-2022
2018,MT,5619,nucleo,3441998.0,16.32,2014-2022
2019,MT,5461,nucleo,3484466.0,15.67,2014-2022
2020,MT,5370,nucleo,3526220.0,15.23,2014-2022
2021,MT,5347,nucleo,3567234.0,14.99,2014-2022
2022,MT,5366,nucleo,,,2014-2022
2023,MT,5544,nucleo,,,2023-2025
2024,MT,5571,nucleo,3836399.0,14.52,2023-2025
2025,MT,5651,nucleo,3893659.0,14.51,2023-2025
2014,PA,8322,nucleo,8073924.0,10.31,2014-2022
2015,PA,8478,nucleo,8175113.0,10.37,2014-2022
2016,PA,9197,nucleo,8272724.0,11.12,2014-2022
2017,PA,10110,nucleo,8366628.0,12.08,2014-2022
2018,PA,10227,nucleo,8513497.0,12.01,2014-2022
2019,PA,10243,nucleo,8602865.0,11.91,2014-2022
2020,PA,10086,nucleo,8690745.0,11.61,2014-2022
2021,PA,9770,nucleo,8777124.0,11.13,2014-2022
2022,PA,9886,nucleo,,,2014-2022
2023,PA,11084,nucleo,,,2023-2025
2024,PA,11274,nucleo,8664306.0,13.01,2023-2025
2025,PA,11340,nucleo,8711196.0,13.02,2023-2025
2014,PB,10029,nucleo,3943885.0,25.43,2014-2022
2015,PB,9908,nucleo,3972202.0,24.94,2014-2022
2016,PB,9911,nucleo,3999415.0,24.78,2014-2022
2017,PB,9887,nucleo,4025558.0,24.56,2014-2022
2018,PB,9829,nucleo,3996496.0,24.59,2014-2022
2019,PB,9324,nucleo,4018127.0,23.2,2014-2022
2020,PB,9495,nucleo,4039277.0,23.51,2014-2022
2021,PB,9385,nucleo,4059905.0,23.12,2014-2022
2022,PB,9138,nucleo,,,2014-2022
2023,PB,9052,nucleo,,,2023-2025
2024,PB,9050,nucleo,4145040.0,21.83,2023-2025
2025,PB,9211,nucleo,4164468.0,22.12,2023-2025
2014,PE,12342,nucleo,9277727.0,13.3,2014-2022
2015,PE,12510,nucleo,9345173.0,13.39,2014-2022
2016,PE,12113,nucleo,9410336.0,12.87,2014-2022
2017,PE,12223,nucleo,9473266.0,12.9,2014-2022
2018,PE,12067,nucleo,9496294.0,12.71,2014-2022
2019,PE,11664,nucleo,9557071.0,12.2,2014-2022
2020,PE,11827,nucleo,9616621.0,12.3,2014-2022
2021,PE,11718,nucleo,9674793.0,12.11,2014-2022
2022,PE,11616,nucleo,,,2014-2022
2023,PE,13485,nucleo,,,2023-2025
2024,PE,13799,nucleo,9539029.0,14.47,2023-2025
2025,PE,13925,nucleo,9562007.0,14.56,2023-2025
2014,PI,6921,nucleo,3194718.0,21.66,2014-2022
2015,PI,7251,nucleo,3204028.0,22.63,2014-2022
2016,PI,7594,nucleo,3212180.0,23.64,2014-2022
2017,PI,7968,nucleo,3219257.0,24.75,2014-2022
2018,PI,8222,nucleo,3264531.0,25.19,2014-2022
2019,PI,8160,nucleo,3273227.0,24.93,2014-2022
2020,PI,8202,nucleo,3281480.0,24.99,2014-2022
2021,PI,8201,nucleo,3289290.0,24.93,2014-2022
2022,PI,8111,nucleo,,,2014-2022
2023,PI,6307,nucleo,,,2023-2025
2024,PI,6346,nucleo,3375646.0,18.8,2023-2025
2025,PI,6295,nucleo,3384547.0,18.6,2023-2025
2014,PR,12580,nucleo,11081692.0,11.35,2014-2022
2015,PR,13074,nucleo,11163018.0,11.71,2014-2022
2016,PR,13171,nucleo,11242720.0,11.72,2014-2022
2017,PR,13158,nucleo,11320892.0,11.62,2014-2022
2018,PR,13099,nucleo,11348937.0,11.54,2014-2022
2019,PR,12575,nucleo,11433957.0,11.0,2014-2022
2020,PR,12356,nucleo,11516840.0,10.73,2014-2022
2021,PR,12182,nucleo,11597484.0,10.5,2014-2022
2022,PR,12328,nucleo,,,2014-2022
2023,PR,14295,nucleo,,,2023-2025
2024,PR,14422,nucleo,11824665.0,12.2,2023-2025
2025,PR,14461,nucleo,11890517.0,12.16,2023-2025
2014,RJ,22703,nucleo,16461173.0,13.79,2014-2022
2015,RJ,22568,nucleo,16550024.0,13.64,2014-2022
2016,RJ,23046,nucleo,16635996.0,13.85,2014-2022
2017,RJ,23028,nucleo,16718956.0,13.77,2014-2022
2018,RJ,23030,nucleo,17159960.0,13.42,2014-2022
2019,RJ,21768,nucleo,17264943.0,12.61,2014-2022
2020,RJ,21281,nucleo,17366189.0,12.25,2014-2022
2021,RJ,20863,nucleo,17463349.0,11.95,2014-2022
2022,RJ,20469,nucleo,,,2014-2022
2023,RJ,31602,nucleo,,,2023-2025
2024,RJ,32269,nucleo,17219679.0,18.74,2023-2025
2025,RJ,32015,nucleo,17223547.0,18.59,2023-2025
2014,RN,8047,nucleo,3408510.0,23.61,2014-2022
2015,RN,8130,nucleo,3442175.0,23.62,2014-2022
2016,RN,8274,nucleo,3474998.0,23.81,2014-2022
2017,RN,8098,nucleo,3507003.0,23.09,2014-2022
2018,RN,8270,nucleo,3479010.0,23.77,2014-2022
2019,RN,8154,nucleo,3506853.0,23.25,2014-2022
2020,RN,8169,nucleo,3534165.0,23.11,2014-2022
2021,RN,8166,nucleo,3560903.0,22.93,2014-2022
2022,RN,8089,nucleo,,,2014-2022
2023,RN,9450,nucleo,,,2023-2025
2024,RN,9365,nucleo,3446071.0,27.18,2023-2025
2025,RN,9369,nucleo,3455236.0,27.12,2023-2025
2014,RO,2142,nucleo,1748531.0,12.25,2014-2022
2015,RO,2222,nucleo,1768204.0,12.57,2014-2022
2016,RO,2348,nucleo,1787279.0,13.14,2014-2022
2017,RO,2420,nucleo,1805788.0,13.4,2014-2022
2018,RO,2494,nucleo,1757589.0,14.19,2014-2022
2019,RO,2456,nucleo,1777225.0,13.82,2014-2022
2020,RO,2545,nucleo,1796460.0,14.17,2014-2022
2021,RO,2536,nucleo,1815278.0,13.97,2014-2022
2022,RO,2555,nucleo,,,2014-2022
2023,RO,1660,nucleo,,,2023-2025
2024,RO,1786,nucleo,1746227.0,10.23,2023-2025
2025,RO,1787,nucleo,1751950.0,10.2,2023-2025
2014,RR,1501,nucleo,496936.0,30.21,2014-2022
2015,RR,1548,nucleo,505665.0,30.61,2014-2022
2016,RR,1644,nucleo,514229.0,31.97,2014-2022
2017,RR,1654,nucleo,522636.0,31.65,2014-2022
2018,RR,1650,nucleo,576568.0,28.62,2014-2022
2019,RR,1641,nucleo,605761.0,27.09,2014-2022
2020,RR,1586,nucleo,631181.0,25.13,2014-2022
2021,RR,1607,nucleo,652713.0,24.62,2014-2022
2022,RR,1639,nucleo,,,2014-2022
2023,RR,1784,nucleo,,,2023-2025
2024,RR,1830,nucleo,716793.0,25.53,2023-2025
2025,RR,1918,nucleo,738772.0,25.96,2023-2025
2014,RS,15369,nucleo,11207274.0,13.71,2014-2022
2015,RS,15594,nucleo,11247972.0,13.86,2014-2022
2016,RS,15459,nucleo,11286500.0,13.7,2014-2022
2017,RS,15547,nucleo,11322895.0,13.73,2014-2022
2018,RS,15603,nucleo,11329605.0,13.77,2014-2022
2019,RS,15093,nucleo,11377239.0,13.27,2014-2022
2020,RS,14944,nucleo,11422973.0,13.08,2014-2022
2021,RS,14753,nucleo,11466630.0,12.87,2014-2022
2022,RS,14615,nucleo,,,2014-2022
2023,RS,21106,nucleo,,,2023-2025
2024,RS,20952,nucleo,11229915.0,18.66,2023-2025
2025,RS,21091,nucleo,11233263.0,18.78,2023-2025
2014,SC,9112,nucleo,6727148.0,13.55,2014-2022
2015,SC,9425,nucleo,6819190.0,13.82,2014-2022
2016,SC,9657,nucleo,6910553.0,13.97,2014-2022
2017,SC,9753,nucleo,7001161.0,13.93,2014-2022
2018,SC,9662,nucleo,7075494.0,13.66,2014-2022
2019,SC,9246,nucleo,7164788.0,12.9,2014-2022
2020,SC,9169,nucleo,7252502.0,12.64,2014-2022
2021,SC,9111,nucleo,7338473.0,12.42,2014-2022
2022,SC,8963,nucleo,,,2014-2022
2023,SC,10155,nucleo,,,2023-2025
2024,SC,10229,nucleo,8058441.0,12.69,2023-2025
2025,SC,10192,nucleo,8187029.0,12.45,2023-2025
2014,SE,4570,nucleo,2219574.0,20.59,2014-2022
2015,SE,4660,nucleo,2242937.0,20.78,2014-2022
2016,SE,4659,nucleo,2265779.0,20.56,2014-2022
2017,SE,4488,nucleo,2288116.0,19.61,2014-2022
2018,SE,4485,nucleo,2278308.0,19.69,2014-2022
2019,SE,4343,nucleo,2298696.0,18.89,2014-2022
2020,SE,4345,nucleo,2318822.0,18.74,2014-2022
2021,SE,4328,nucleo,2338474.0,18.51,2014-2022
2022,SE,4314,nucleo,,,2014-2022
2023,SE,4341,nucleo,,,2023-2025
2024,SE,4439,nucleo,2291077.0,19.38,2023-2025
2025,SE,4624,nucleo,2299425.0,20.11,2023-2025
2014,SP,15393,nucleo,44035304.0,3.5,2014-2022
2015,SP,15399,nucleo,44396484.0,3.47,2014-2022
2016,SP,16091,nucleo,44749699.0,3.6,2014-2022
2017,SP,16220,nucleo,45094866.0,3.6,2014-2022
2018,SP,15851,nucleo,45538936.0,3.48,2014-2022
2019,SP,14710,nucleo,45919049.0,3.2,2014-2022
2020,SP,14515,nucleo,46289333.0,3.14,2014-2022
2021,SP,14303,nucleo,46649132.0,3.07,2014-2022
2022,SP,14000,nucleo,,,2014-2022
2023,SP,20941,nucleo,,,2023-2025
2024,SP,20775,nucleo,45973194.0,4.52,2023-2025
2025,SP,20701,nucleo,46081801.0,4.49,2023-2025
2014,TO,2921,nucleo,1496880.0,19.51,2014-2022
2015,TO,3071,nucleo,1515126.0,20.27,2014-2022
2016,TO,3170,nucleo,1532902.0,20.68,2014-2022
2017,TO,3229,nucleo,1550194.0,20.83,2014-2022
2018,TO,3287,nucleo,1555229.0,21.14,2014-2022
2019,TO,3317,nucleo,1572866.0,21.09,2014-2022
2020,TO,3315,nucleo,1590248.0,20.85,2014-2022
2021,TO,3271,nucleo,1607363.0,20.35,2014-2022
2022,TO,3307,nucleo,,,2014-2022
2023,TO,3257,nucleo,,,2023-2025
2024,TO,3313,nucleo,1577342.0,21.0,2023-2025
2025,TO,3376,nucleo,1586859.0,21.27,2023-2025
2014,AC,2341,total,790101.0,29.63,2014-2022
2015,AC,2513,total,803513.0,31.28,2014-2022
2016,AC,2535,total,816687.0,31.04,2014-2022
2017,AC,2525,total,829619.0,30.44,2014-2022
2018,AC,2532,total,869265.0,29.13,2014-2022
2019,AC,2492,total,881935.0,28.26,2014-2022
2020,AC,2434,total,894470.0,27.21,2014-2022
2021,AC,2402,total,906876.0,26.49,2014-2022
2022,AC,2397,total,,,2014-2022
2023,AC,2552,total,,,2023-2025
2024,AC,2603,total,880631.0,29.56,2023-2025
2025,AC,2714,total,884372.0,30.69,2023-2025
2014,AL,6109,total,3321730.0,18.39,2014-2022
2015,AL,6132,total,3340932.0,18.35,2014-2022
2016,AL,6078,total,3358963.0,18.09,2014-2022
2017,AL,6274,total,3375823.0,18.59,2014-2022
2018,AL,6257,total,3322820.0,18.83,2014-2022
2019,AL,5983,total,3337357.0,17.93,2014-2022
2020,AL,6059,total,3351543.0,18.08,2014-2022
2021,AL,6019,total,3365351.0,17.89,2014-2022
2022,AL,5989,total,,,2014-2022
2023,AL,4907,total,,,2023-2025
2024,AL,4952,total,3220104.0,15.38,2023-2025
2025,AL,4990,total,3220848.0,15.49,2023-2025
2014,AM,6418,total,3873743.0,16.57,2014-2022
2015,AM,6757,total,3938336.0,17.16,2014-2022
2016,AM,6805,total,4001667.0,17.01,2014-2022
2017,AM,6953,total,4063614.0,17.11,2014-2022
2018,AM,6783,total,4080611.0,16.62,2014-2022
2019,AM,6366,total,4144597.0,15.36,2014-2022
2020,AM,6279,total,4207714.0,14.92,2014-2022
2021,AM,6088,total,4269995.0,14.26,2014-2022
2022,AM,6109,total,,,2014-2022
2023,AM,6932,total,,,2023-2025
2024,AM,6999,total,4281209.0,16.35,2023-2025
2025,AM,7133,total,4321616.0,16.51,2023-2025
2014,AP,3137,total,750912.0,41.78,2014-2022
2015,AP,2997,total,766679.0,39.09,2014-2022
2016,AP,3275,total,782295.0,41.86,2014-2022
2017,AP,3336,total,797722.0,41.82,2014-2022
2018,AP,3321,total,829494.0,40.04,2014-2022
2019,AP,3011,total,845731.0,35.6,2014-2022
2020,AP,2886,total,861773.0,33.49,2014-2022
2021,AP,2785,total,877613.0,31.73,2014-2022
2022,AP,2563,total,,,2014-2022
2023,AP,2245,total,,,2023-2025
2024,AP,2349,total,802837.0,29.26,2023-2025
2025,AP,2458,total,806517.0,30.48,2023-2025
2014,BA,17552,total,15126371.0,11.6,2014-2022
2015,BA,17936,total,15203334.0,11.8,2014-2022
2016,BA,16584,total,15276566.0,10.86,2014-2022
2017,BA,16405,total,15344447.0,10.69,2014-2022
2018,BA,16839,total,14812617.0,11.37,2014-2022
2019,BA,15882,total,14873064.0,10.68,2014-2022
2020,BA,15718,total,14930634.0,10.53,2014-2022
2021,BA,15499,total,14985284.0,10.34,2014-2022
2022,BA,14860,total,,,2014-2022
2023,BA,17289,total,,,2023-2025
2024,BA,17899,total,14850513.0,12.05,2023-2025
2025,BA,17718,total,14870907.0,11.91,2023-2025
2014,CE,11772,total,8842791.0,13.31,2014-2022
2015,CE,12018,total,8904459.0,13.5,2014-2022
2016,CE,12437,total,8963663.0,13.87,2014-2022
2017,CE,12831,total,9020460.0,14.22,2014-2022
2018,CE,12750,total,9075649.0,14.05,2014-2022
2019,CE,11703,total,9132078.0,12.82,2014-2022
2020,CE,11518,total,9187103.0,12.54,2014-2022
2021,CE,11387,total,9240580.0,12.32,2014-2022
2022,CE,11173,total,,,2014-2022
2023,CE,13095,total,,,2023-2025
2024,CE,13196,total,9233656.0,14.29,2023-2025
2025,CE,13367,total,9268836.0,14.42,2023-2025
2014,DF,8595,total,2852372.0,30.13,2014-2022
2015,DF,8988,total,2914830.0,30.84,2014-2022
2016,DF,9360,total,2977216.0,31.44,2014-2022
2017,DF,9011,total,3039444.0,29.65,2014-2022
2018,DF,9073,total,2974703.0,30.5,2014-2022
2019,DF,8575,total,3015268.0,28.44,2014-2022
2020,DF,8243,total,3055149.0,26.98,2014-2022
2021,DF,8008,total,3094325.0,25.88,2014-2022
2022,DF,7818,total,,,2014-2022
2023,DF,32989,total,,,2023-2025
2024,DF,36006,total,2982818.0,120.71,2023-2025
2025,DF,42877,total,2996899.0,143.07,2023-2025
2014,ES,8330,total,3885049.0,21.44,2014-2022
2015,ES,8310,total,3929911.0,21.15,2014-2022
2016,ES,8429,total,3973697.0,21.21,2014-2022
2017,ES,8377,total,4016356.0,20.86,2014-2022
2018,ES,8272,total,3972388.0,20.82,2014-2022
2019,ES,7805,total,4018650.0,19.42,2014-2022
2020,ES,7738,total,4064052.0,19.04,2014-2022
2021,ES,7676,total,4108508.0,18.68,2014-2022
2022,ES,7545,total,,,2014-2022
2023,ES,7794,total,,,2023-2025
2024,ES,7881,total,4102129.0,19.21,2023-2025
2025,ES,7946,total,4126854.0,19.25,2023-2025
2014,GO,9605,total,6523222.0,14.72,2014-2022
2015,GO,9653,total,6610681.0,14.6,2014-2022
2016,GO,9348,total,6695855.0,13.96,2014-2022
2017,GO,9270,total,6778772.0,13.68,2014-2022
2018,GO,9349,total,6921161.0,13.51,2014-2022
2019,GO,8785,total,7018354.0,12.52,2014-2022
2020,GO,8719,total,7113540.0,12.26,2014-2022
2021,GO,8639,total,7206589.0,11.99,2014-2022
2022,GO,8550,total,,,2014-2022
2023,GO,9636,total,,,2023-2025
2024,GO,10001,total,7350483.0,13.61,2023-2025
2025,GO,10325,total,7423629.0,13.91,2023-2025
2014,MA,7539,total,6850884.0,11.0,2014-2022
2015,MA,7801,total,6904241.0,11.3,2014-2022
2016,MA,8361,total,6954036.0,12.02,2014-2022
2017,MA,8483,total,7000229.0,12.12,2014-2022
2018,MA,8486,total,7035055.0,12.06,2014-2022
2019,MA,8309,total,7075181.0,11.74,2014-2022
2020,MA,8267,total,7114598.0,11.62,2014-2022
2021,MA,8140,total,7153262.0,11.38,2014-2022
2022,MA,8065,total,,,2014-2022
2023,MA,8324,total,,,2023-2025
2024,MA,8327,total,7010960.0,11.88,2023-2025
2025,MA,8411,total,7018211.0,11.98,2023-2025
2014,MG,37345,total,20734097.0,18.01,2014-2022
2015,MG,37418,total,20869101.0,17.93,2014-2022
2016,MG,37199,total,20997560.0,17.72,2014-2022
2017,MG,37504,total,21119536.0,17.76,2014-2022
2018,MG,37811,total,21040662.0,17.97,2014-2022
2019,MG,36076,total,21168791.0,17.04,2014-2022
2020,MG,35847,total,21292666.0,16.84,2014-2022
2021,MG,35297,total,21411923.0,16.48,2014-2022
2022,MG,34810,total,,,2014-2022
2023,MG,40251,total,,,2023-2025
2024,MG,40677,total,21322691.0,19.08,2023-2025
2025,MG,42452,total,21393441.0,19.84,2023-2025
2014,MS,6622,total,2619657.0,25.28,2014-2022
2015,MS,6756,total,2651235.0,25.48,2014-2022
2016,MS,6944,total,2682386.0,25.89,2014-2022
2017,MS,7070,total,2713147.0,26.06,2014-2022
2018,MS,7152,total,2748023.0,26.03,2014-2022
2019,MS,6933,total,2778986.0,24.95,2014-2022
2020,MS,6872,total,2809394.0,24.46,2014-2022
2021,MS,6758,total,2839188.0,23.8,2014-2022
2022,MS,6628,total,,,2014-2022
2023,MS,7147,total,,,2023-2025
2024,MS,7195,total,2901895.0,24.79,2023-2025
2025,MS,7303,total,2924631.0,24.97,2023-2025
2014,MT,6848,total,3224357.0,21.24,2014-2022
2015,MT,6838,total,3265486.0,20.94,2014-2022
2016,MT,7048,total,3305531.0,21.32,2014-2022
2017,MT,6973,total,3344544.0,20.85,2014-2022
2018,MT,6803,total,3441998.0,19.76,2014-2022
2019,MT,6351,total,3484466.0,18.23,2014-2022
2020,MT,6201,total,3526220.0,17.59,2014-2022
2021,MT,6134,total,3567234.0,17.2,2014-2022
2022,MT,6179,total,,,2014-2022
2023,MT,6370,total,,,2023-2025
2024,MT,6392,total,3836399.0,16.66,2023-2025
2025,MT,6529,total,3893659.0,16.77,2023-2025
2014,PA,10448,total,8073924.0,12.94,2014-2022
2015,PA,10568,total,8175113.0,12.93,2014-2022
2016,PA,11164,total,8272724.0,13.49,2014-2022
2017,PA,12239,total,8366628.0,14.63,2014-2022
2018,PA,12154,total,8513497.0,14.28,2014-2022
2019,PA,11837,total,8602865.0,13.76,2014-2022
2020,PA,11475,total,8690745.0,13.2,2014-2022
2021,PA,11126,total,8777124.0,12.68,2014-2022
2022,PA,11241,total,,,2014-2022
2023,PA,13523,total,,,2023-2025
2024,PA,13941,total,8664306.0,16.09,2023-2025
2025,PA,14112,total,8711196.0,16.2,2023-2025
2014,PB,13088,total,3943885.0,33.19,2014-2022
2015,PB,13198,total,3972202.0,33.23,2014-2022
2016,PB,13221,total,3999415.0,33.06,2014-2022
2017,PB,13328,total,4025558.0,33.11,2014-2022
2018,PB,13160,total,3996496.0,32.93,2014-2022
2019,PB,12385,total,4018127.0,30.82,2014-2022
2020,PB,12705,total,4039277.0,31.45,2014-2022
2021,PB,12540,total,4059905.0,30.89,2014-2022
2022,PB,12232,total,,,2014-2022
2023,PB,12346,total,,,2023-2025
2024,PB,12459,total,4145040.0,30.06,2023-2025
2025,PB,12697,total,4164468.0,30.49,2023-2025
2014,PE,15458,total,9277727.0,16.66,2014-2022
2015,PE,15556,total,9345173.0,16.65,2014-2022
2016,PE,15045,total,9410336.0,15.99,2014-2022
2017,PE,14993,total,9473266.0,15.83,2014-2022
2018,PE,14678,total,9496294.0,15.46,2014-2022
2019,PE,13850,total,9557071.0,14.49,2014-2022
2020,PE,13866,total,9616621.0,14.42,2014-2022
2021,PE,13652,total,9674793.0,14.11,2014-2022
2022,PE,13302,total,,,2014-2022
2023,PE,15999,total,,,2023-2025
2024,PE,16759,total,9539029.0,17.57,2023-2025
2025,PE,17047,total,9562007.0,17.83,2023-2025
2014,PI,8571,total,3194718.0,26.83,2014-2022
2015,PI,9195,total,3204028.0,28.7,2014-2022
2016,PI,9747,total,3212180.0,30.34,2014-2022
2017,PI,10187,total,3219257.0,31.64,2014-2022
2018,PI,10293,total,3264531.0,31.53,2014-2022
2019,PI,10072,total,3273227.0,30.77,2014-2022
2020,PI,10024,total,3281480.0,30.55,2014-2022
2021,PI,9909,total,3289290.0,30.13,2014-2022
2022,PI,9706,total,,,2014-2022
2023,PI,7936,total,,,2023-2025
2024,PI,8095,total,3375646.0,23.98,2023-2025
2025,PI,8039,total,3384547.0,23.75,2023-2025
2014,PR,15053,total,11081692.0,13.58,2014-2022
2015,PR,15588,total,11163018.0,13.96,2014-2022
2016,PR,15586,total,11242720.0,13.86,2014-2022
2017,PR,15566,total,11320892.0,13.75,2014-2022
2018,PR,15391,total,11348937.0,13.56,2014-2022
2019,PR,14458,total,11433957.0,12.64,2014-2022
2020,PR,14222,total,11516840.0,12.35,2014-2022
2021,PR,13946,total,11597484.0,12.03,2014-2022
2022,PR,14010,total,,,2014-2022
2023,PR,15916,total,,,2023-2025
2024,PR,16246,total,11824665.0,13.74,2023-2025
2025,PR,16358,total,11890517.0,13.76,2023-2025
2014,RJ,34138,total,16461173.0,20.74,2014-2022
2015,RJ,33816,total,16550024.0,20.43,2014-2022
2016,RJ,31047,total,16635996.0,18.66,2014-2022
2017,RJ,29529,total,16718956.0,17.66,2014-2022
2018,RJ,28705,total,17159960.0,16.73,2014-2022
2019,RJ,25944,total,17264943.0,15.03,2014-2022
2020,RJ,24819,total,17366189.0,14.29,2014-2022
2021,RJ,24235,total,17463349.0,13.88,2014-2022
2022,RJ,23708,total,,,2014-2022
2023,RJ,56952,total,,,2023-2025
2024,RJ,57694,total,17219679.0,33.5,2023-2025
2025,RJ,57636,total,17223547.0,33.46,2023-2025
2014,RN,8888,total,3408510.0,26.08,2014-2022
2015,RN,8974,total,3442175.0,26.07,2014-2022
2016,RN,9103,total,3474998.0,26.2,2014-2022
2017,RN,8912,total,3507003.0,25.41,2014-2022
2018,RN,9047,total,3479010.0,26.0,2014-2022
2019,RN,8770,total,3506853.0,25.01,2014-2022
2020,RN,8753,total,3534165.0,24.77,2014-2022
2021,RN,8762,total,3560903.0,24.61,2014-2022
2022,RN,8641,total,,,2014-2022
2023,RN,10267,total,,,2023-2025
2024,RN,10173,total,3446071.0,29.52,2023-2025
2025,RN,10236,total,3455236.0,29.62,2023-2025
2014,RO,3440,total,1748531.0,19.67,2014-2022
2015,RO,3446,total,1768204.0,19.49,2014-2022
2016,RO,3550,total,1787279.0,19.86,2014-2022
2017,RO,3504,total,1805788.0,19.4,2014-2022
2018,RO,3508,total,1757589.0,19.96,2014-2022
2019,RO,3209,total,1777225.0,18.06,2014-2022
2020,RO,3300,total,1796460.0,18.37,2014-2022
2021,RO,3285,total,1815278.0,18.1,2014-2022
2022,RO,3226,total,,,2014-2022
2023,RO,2529,total,,,2023-2025
2024,RO,2640,total,1746227.0,15.12,2023-2025
2025,RO,2667,total,1751950.0,15.22,2023-2025
2014,RR,2261,total,496936.0,45.5,2014-2022
2015,RR,2301,total,505665.0,45.5,2014-2022
2016,RR,2343,total,514229.0,45.56,2014-2022
2017,RR,2307,total,522636.0,44.14,2014-2022
2018,RR,2265,total,576568.0,39.28,2014-2022
2019,RR,2133,total,605761.0,35.21,2014-2022
2020,RR,2034,total,631181.0,32.23,2014-2022
2021,RR,2058,total,652713.0,31.53,2014-2022
2022,RR,2045,total,,,2014-2022
2023,RR,2344,total,,,2023-2025
2024,RR,2469,total,716793.0,34.45,2023-2025
2025,RR,2562,total,738772.0,34.68,2023-2025
2014,RS,20563,total,11207274.0,18.35,2014-2022
2015,RS,20069,total,11247972.0,17.84,2014-2022
2016,RS,19780,total,11286500.0,17.53,2014-2022
2017,RS,19631,total,11322895.0,17.34,2014-2022
2018,RS,19579,total,11329605.0,17.28,2014-2022
2019,RS,18445,total,11377239.0,16.21,2014-2022
2020,RS,18282,total,11422973.0,16.0,2014-2022
2021,RS,18145,total,11466630.0,15.82,2014-2022
2022,RS,17796,total,,,2014-2022
2023,RS,25734,total,,,2023-2025
2024,RS,26101,total,11229915.0,23.24,2023-2025
2025,RS,26427,total,11233263.0,23.53,2023-2025
2014,SC,12185,total,6727148.0,18.11,2014-2022
2015,SC,12500,total,6819190.0,18.33,2014-2022
2016,SC,12851,total,6910553.0,18.6,2014-2022
2017,SC,13006,total,7001161.0,18.58,2014-2022
2018,SC,12803,total,7075494.0,18.09,2014-2022
2019,SC,12197,total,7164788.0,17.02,2014-2022
2020,SC,12113,total,7252502.0,16.7,2014-2022
2021,SC,12023,total,7338473.0,16.38,2014-2022
2022,SC,11663,total,,,2014-2022
2023,SC,13422,total,,,2023-2025
2024,SC,13659,total,8058441.0,16.95,2023-2025
2025,SC,13669,total,8187029.0,16.7,2023-2025
2014,SE,5806,total,2219574.0,26.16,2014-2022
2015,SE,5768,total,2242937.0,25.72,2014-2022
2016,SE,5685,total,2265779.0,25.09,2014-2022
2017,SE,5343,total,2288116.0,23.35,2014-2022
2018,SE,5343,total,2278308.0,23.45,2014-2022
2019,SE,4945,total,2298696.0,21.51,2014-2022
2020,SE,4886,total,2318822.0,21.07,2014-2022
2021,SE,4834,total,2338474.0,20.67,2014-2022
2022,SE,4821,total,,,2014-2022
2023,SE,4889,total,,,2023-2025
2024,SE,4929,total,2291077.0,21.51,2023-2025
2025,SE,5139,total,2299425.0,22.35,2023-2025
2014,SP,22725,total,44035304.0,5.16,2014-2022
2015,SP,22565,total,44396484.0,5.08,2014-2022
2016,SP,22011,total,44749699.0,4.92,2014-2022
2017,SP,21900,total,45094866.0,4.86,2014-2022
2018,SP,21714,total,45538936.0,4.77,2014-2022
2019,SP,19423,total,45919049.0,4.23,2014-2022
2020,SP,19107,total,46289333.0,4.13,2014-2022
2021,SP,18566,total,46649132.0,3.98,2014-2022
2022,SP,17955,total,,,2014-2022
2023,SP,26786,total,,,2023-2025
2024,SP,27315,total,45973194.0,5.94,2023-2025
2025,SP,27789,total,46081801.0,6.03,2023-2025
2014,TO,3677,total,1496880.0,24.56,2014-2022
2015,TO,3809,total,1515126.0,25.14,2014-2022
2016,TO,3872,total,1532902.0,25.26,2014-2022
2017,TO,3865,total,1550194.0,24.93,2014-2022
2018,TO,3881,total,1555229.0,24.95,2014-2022
2019,TO,3811,total,1572866.0,24.23,2014-2022
2020,TO,3819,total,1590248.0,24.02,2014-2022
2021,TO,3779,total,1607363.0,23.51,2014-2022
2022,TO,3799,total,,,2014-2022
2023,TO,3677,total,,,2023-2025
2024,TO,3743,total,1577342.0,23.73,2023-2025
2025,TO,3836,total,1586859.0,24.17,2023-2025
