uf_residencia,uf_upag,org_atuacao,grupo_nucleo,n_abono,mes_ref
,RJ,AGENCIA NAC PETROLEO GAS NAT BIOCOMBUSTI,,1,2025-12
,DF,AGENCIA NACIONAL DE AVIACAO CIVIL,,1,2025-12
,RJ,COMANDO DA MARINHA,,1,2025-12
,DF,DEPARTAMENTO DE POLICIA FEDERAL,,2,2025-12
,DF,INSTITUTO CHICO MENDES CONSERV.BIODIVER.,,1,2025-12
,DF,MINISTERIO DAS RELACOES EXTERIORES,,34,2025-12
AC,DF,ADVOCACIA-GERAL DA UNIAO,,8,2025-12
AC,DF,AGENCIA NACIONAL DE TELECOMUNICACOES,,1,2025-12
AC,AC,AGENCIA NACIONAL DE VIGILANCIA SANITARIA,,1,2025-12
AC,DF,COMANDO DA AERONAUTICA,,1,2025-12
AC,DF,COMANDO DO EXERCITO,,10,2025-12
AC,DF,CONTROLADORIA-GERAL DA UNIAO,,2,2025-12
AC,AC,DEPARTAMENTO DE POLICIA FEDERAL,,16,2025-12
AC,AC,DEPTO. DE POLICIA RODOVIARIA FEDERAL,,4,2025-12
AC,DF,FUND. INST. BRASIL. GEOG. E ESTATISTICA,,2,2025-12
AC,AC,FUNDACAO NACIONAL DE SAUDE,,6,2025-12
AC,DF,FUNDACAO NACIONAL DOS POVOS INDIGENAS,,2,2025-12
AC,DF,INST. BR. MEIO AMB. REC. NAT. RENOVAVEIS,,10,2025-12
AC,AC,INSTITUTO FEDERAL DO ACRE,IF,5,2025-12
AC,AC,INSTITUTO NAC. DE COLONIZ E REF AGRARIA,,59,2025-12
AC,DF,INSTITUTO NAC. DE COLONIZ E REF AGRARIA,,1,2025-12
AC,DF,INSTITUTO NACIONAL DE SEGURO SOCIAL,INSS,23,2025-12
AC,DF,MIN GESTAO E INOV EM SERV PUBLICOS,,1,2025-12
AC,AM,MINISTERIO CIENCIA TECNOLOGIA INOVA,,1,2025-12
AC,DF,MINISTERIO DA AGRICULTURA E PECUARIA,,3,2025-12
AC,AC,MINISTERIO DA AGRICULTURA E PECUARIA,,5,2025-12
AC,PA,MINISTERIO DA FAZENDA,FAZ,20,2025-12
AC,DF,MINISTERIO DA FAZENDA,FAZ,3,2025-12
AC,SP,MINISTERIO DA FAZENDA,FAZ,1,2025-12
AC,AC,MINISTERIO DA SAUDE,,97,2025-12
AC,DF,MINISTERIO DO TRABALHO E EMPREGO,,10,2025-12
AC,AM,SUPERINTENDENCIA ZONA FRANCA DE MANAUS,,2,2025-12
AC,AC,UNIVERSIDADE FEDERAL DO ACRE,UNIV,125,2025-12
AL,DF,ADVOCACIA-GERAL DA UNIAO,,12,2025-12
AL,DF,AGENCIA NACIONAL DE MINERACAO,,2,2025-12
AL,AL,AGENCIA NACIONAL DE VIGILANCIA SANITARIA,,1,2025-12
AL,DF,COMANDO DO EXERCITO,,4,2025-12
AL,DF,CONTROLADORIA-GERAL DA UNIAO,,1,2025-12
AL,AL,DEPARTAMENTO DE POLICIA FEDERAL,,31,2025-12
AL,AL,DEPARTAMENTO NAC.DE INFRAEST. DE TRANSP.,,5,2025-12
AL,SP,DEPARTAMENTO NAC.DE INFRAEST. DE TRANSP.,,1,2025-12
AL,AL,DEPTO. DE POLICIA RODOVIARIA FEDERAL,,21,2025-12
AL,SE,DEPTO. DE POLICIA RODOVIARIA FEDERAL,,1,2025-12
AL,AL,DEPTO. NACIONAL DE OBRAS CONTRA AS SECAS,,11,2025-12
AL,PE,FUND. INST. BRASIL. GEOG. E ESTATISTICA,,11,2025-12
AL,AL,FUNDACAO NACIONAL DE SAUDE,,24,2025-12
AL,DF,FUNDACAO NACIONAL DOS POVOS INDIGENAS,,10,2025-12
AL,RJ,FUNDACAO OSWALDO CRUZ,,1,2025-12
AL,DF,INST. BR. MEIO AMB. REC. NAT. RENOVAVEIS,,5,2025-12
AL,DF,INSTITUTO CHICO MENDES CONSERV.BIODIVER.,,3,2025-12
AL,DF,INSTITUTO DO PATR.HIST.E ART. NACIONAL,,1,2025-12
AL,AL,INSTITUTO FEDERAL DE ALAGOAS,IF,129,2025-12
AL,SC,INSTITUTO FEDERAL DE SANTA CATARINA,IF,1,2025-12
AL,AL,INSTITUTO NAC. DE COLONIZ E REF AGRARIA,,8,2025-12
AL,DF,INSTITUTO NACIONAL DE SEGURO SOCIAL,INSS,2,2025-12
AL,PE,INSTITUTO NACIONAL DE SEGURO SOCIAL,INSS,88,2025-12
AL,DF,MIN GESTAO E INOV EM SERV PUBLICOS,,5,2025-12
AL,AL,MINISTERIO DA AGRICULTURA E PECUARIA,,10,2025-12
AL,DF,MINISTERIO DA FAZENDA,FAZ,4,2025-12
AL,PE,MINISTERIO DA FAZENDA,FAZ,34,2025-12
AL,PR,MINISTERIO DA FAZENDA,FAZ,2,2025-12
AL,DF,MINISTERIO DA PREVIDENCIA SOCIAL,,1,2025-12
AL,AL,MINISTERIO DA SAUDE,,237,2025-12
AL,BA,MINISTERIO DA SAUDE,,1,2025-12
AL,DF,MINISTERIO DO TRABALHO E EMPREGO,,12,2025-12
AL,DF,MINISTERIO DOS TRANSPORTES,,1,2025-12
AL,AL,UNIVERSIDADE FEDERAL DE ALAGOAS,UNIV,372,2025-12
AL,RJ,UNIVERSIDADE FEDERAL DO RIO DE JANEIRO,UNIV,1,2025-12
AM,DF,ADVOCACIA-GERAL DA UNIAO,,9,2025-12
AM,DF,AGENCIA BRASILEIRA DE INTELIGENCIA,,3,2025-12
AM,DF,AGENCIA NAC. DE TRANSPORTES AQUAVIARIOS,,1,2025-12
AM,DF,AGENCIA NAC. DE TRANSPORTES TERRESTRES,,1,2025-12
AM,DF,AGENCIA NACIONAL DE AVIACAO CIVIL,,1,2025-12
AM,DF,AGENCIA NACIONAL DE MINERACAO,,4,2025-12
AM,DF,AGENCIA NACIONAL DE TELECOMUNICACOES,,7,2025-12
AM,AM,AGENCIA NACIONAL DE VIGILANCIA SANITARIA,,12,2025-12
AM,DF,COMANDO DA AERONAUTICA,,24,2025-12
AM,AM,COMANDO DA MARINHA,,10,2025-12
AM,DF,COMANDO DO EXERCITO,,42,2025-12
AM,DF,CONTROLADORIA-GERAL DA UNIAO,,1,2025-12
AM,AM,DEPARTAMENTO DE POLICIA FEDERAL,,22,2025-12
AM,RO,DEPARTAMENTO DE POLICIA FEDERAL,,1,2025-12
AM,RR,DEPARTAMENTO DE POLICIA FEDERAL,,1,2025-12
AM,SC,DEPARTAMENTO DE POLICIA FEDERAL,,1,2025-12
AM,AM,DEPARTAMENTO NAC.DE INFRAEST. DE TRANSP.,,13,2025-12
AM,RR,DEPTO. DE POLICIA RODOVIARIA FEDERAL,,1,2025-12
AM,AM,DEPTO. DE POLICIA RODOVIARIA FEDERAL,,3,2025-12
AM,PA,FUND. INST. BRASIL. GEOG. E ESTATISTICA,,5,2025-12
AM,AM,FUNDACAO NACIONAL DE SAUDE,,16,2025-12
AM,DF,FUNDACAO NACIONAL DOS POVOS INDIGENAS,,35,2025-12
AM,RJ,FUNDACAO OSWALDO CRUZ,,5,2025-12
AM,AM,FUNDACAO UNIVERSIDADE DO AMAZONAS,UNIV,360,2025-12
AM,DF,INST. BR. MEIO AMB. REC. NAT. RENOVAVEIS,,6,2025-12
AM,DF,INSTITUTO CHICO MENDES CONSERV.BIODIVER.,,1,2025-12
AM,AM,INSTITUTO FEDERAL DO AMAZONAS,IF,131,2025-12
AM,AM,INSTITUTO NAC. DE COLONIZ E REF AGRARIA,,47,2025-12
AM,DF,INSTITUTO NACIONAL DE SEGURO SOCIAL,INSS,53,2025-12
AM,DF,MIN GESTAO E INOV EM SERV PUBLICOS,,8,2025-12
AM,AM,MINISTERIO CIENCIA TECNOLOGIA INOVA,,158,2025-12
AM,AM,MINISTERIO DA AGRICULTURA E PECUARIA,,22,2025-12
AM,DF,MINISTERIO DA AGRICULTURA E PECUARIA,,6,2025-12
AM,BA,MINISTERIO DA AGRICULTURA E PECUARIA,,2,2025-12
AM,DF,MINISTERIO DA EDUCACAO,,2,2025-12
AM,DF,MINISTERIO DA FAZENDA,FAZ,8,2025-12
AM,PA,MINISTERIO DA FAZENDA,FAZ,61,2025-12
AM,DF,MINISTERIO DA PESCA E AQUICULTURA,,2,2025-12
AM,AM,MINISTERIO DA SAUDE,,242,2025-12
AM,DF,MINISTERIO DA SAUDE,,2,2025-12
AM,RR,MINISTERIO DA SAUDE,,1,2025-12
AM,AC,MINISTERIO DA SAUDE,,1,2025-12
AM,DF,MINISTERIO DAS CIDADES,,1,2025-12
AM,DF,MINISTERIO DAS COMUNICACOES,,1,2025-12
AM,DF,MINISTERIO DE PORTOS E AEROPORTOS,,1,2025-12
AM,DF,MINISTERIO DO TRABALHO E EMPREGO,,13,2025-12
AM,DF,MINISTERIO DOS TRANSPORTES,,4,2025-12
AM,AM,SUPERINTENDENCIA ZONA FRANCA DE MANAUS,,74,2025-12
AM,RR,UNIVERSIDADE FEDERAL DE RORAIMA,UNIV,1,2025-12
AP,DF,ADVOCACIA-GERAL DA UNIAO,,17,2025-12
AP,DF,AGENCIA NACIONAL DE MINERACAO,,4,2025-12
AP,DF,AGENCIA NACIONAL DE TELECOMUNICACOES,,1,2025-12
AP,AP,AGENCIA NACIONAL DE VIGILANCIA SANITARIA,,5,2025-12
AP,DF,COMANDO DA AERONAUTICA,,1,2025-12
AP,AP,DEPARTAMENTO DE POLICIA FEDERAL,,11,2025-12
AP,MA,DEPARTAMENTO DE POLICIA FEDERAL,,1,2025-12
AP,AP,DEPTO. DE POLICIA RODOVIARIA FEDERAL,,9,2025-12
AP,PA,FUND. INST. BRASIL. GEOG. E ESTATISTICA,,8,2025-12
AP,AP,FUNDACAO NACIONAL DE SAUDE,,27,2025-12
AP,DF,FUNDACAO NACIONAL DOS POVOS INDIGENAS,,5,2025-12
AP,AP,FUNDACAO UNVERSIDADE FEDERAL DO AMAPA,,80,2025-12
AP,DF,INST. BR. MEIO AMB. REC. NAT. RENOVAVEIS,,29,2025-12
AP,DF,INSTITUTO CHICO MENDES CONSERV.BIODIVER.,,1,2025-12
AP,AP,INSTITUTO FEDERAL DO AMAPA,IF,7,2025-12
AP,AP,INSTITUTO NAC. DE COLONIZ E REF AGRARIA,,2,2025-12
AP,DF,INSTITUTO NAC. DE COLONIZ E REF AGRARIA,,1,2025-12
AP,DF,INSTITUTO NACIONAL DE SEGURO SOCIAL,INSS,9,2025-12
AP,DF,MIN GESTAO E INOV EM SERV PUBLICOS,,12,2025-12
AP,AP,MINISTERIO DA AGRICULTURA E PECUARIA,,18,2025-12
AP,DF,MINISTERIO DA AGRICULTURA E PECUARIA,,2,2025-12
AP,PA,MINISTERIO DA FAZENDA,FAZ,37,2025-12
AP,DF,MINISTERIO DA FAZENDA,FAZ,33,2025-12
AP,DF,MINISTERIO DA PREVIDENCIA SOCIAL,,1,2025-12
AP,AP,MINISTERIO DA SAUDE,,138,2025-12
AP,DF,MINISTERIO DO TRABALHO E EMPREGO,,16,2025-12
AP,AM,SUPERINTENDENCIA ZONA FRANCA DE MANAUS,,4,2025-12
BA,DF,ADVOCACIA-GERAL DA UNIAO,,33,2025-12
BA,DF,AGENCIA BRASILEIRA DE INTELIGENCIA,,3,2025-12
BA,DF,AGENCIA NAC. DE TRANSPORTES TERRESTRES,,1,2025-12
BA,DF,AGENCIA NACIONAL DE AVIACAO CIVIL,,1,2025-12
BA,DF,AGENCIA NACIONAL DE MINERACAO,,5,2025-12
BA,DF,AGENCIA NACIONAL DE TELECOMUNICACOES,,5,2025-12
BA,BA,AGENCIA NACIONAL DE VIGILANCIA SANITARIA,,8,2025-12
BA,BA,COMANDO DA AERONAUTICA,,4,2025-12
BA,BA,COMANDO DA MARINHA,,44,2025-12
BA,DF,COMANDO DO EXERCITO,,74,2025-12
BA,DF,CONTROLADORIA-GERAL DA UNIAO,,7,2025-12
BA,BA,DEPARTAMENTO DE POLICIA FEDERAL,,64,2025-12
BA,DF,DEPARTAMENTO DE POLICIA FEDERAL,,1,2025-12
BA,BA,DEPARTAMENTO NAC.DE INFRAEST. DE TRANSP.,,11,2025-12
BA,BA,DEPTO. DE POLICIA RODOVIARIA FEDERAL,,66,2025-12
BA,BA,DEPTO. NACIONAL DE OBRAS CONTRA AS SECAS,,25,2025-12
BA,BA,FUND. INST. BRASIL. GEOG. E ESTATISTICA,,44,2025-12
BA,SP,FUND.JORGE DUPRAT FIG. SEG. MED.TRABALHO,,4,2025-12
BA,PE,FUND.UNIV.FED.DO VALE DO SAO FRANCISCO,,2,2025-12
BA,BA,FUNDACAO NACIONAL DE SAUDE,,56,2025-12
BA,DF,FUNDACAO NACIONAL DOS POVOS INDIGENAS,,19,2025-12
BA,BA,FUNDACAO OSWALDO CRUZ,,30,2025-12
BA,MA,FUNDACAO UNIVERSIDADE DO MARANHAO,UNIV,1,2025-12
BA,SE,FUNDACAO UNIVERSIDADE FEDERAL DE SERGIPE,UNIV,1,2025-12
BA,DF,INST. BR. MEIO AMB. REC. NAT. RENOVAVEIS,,30,2025-12
BA,DF,INSTITUTO CHICO MENDES CONSERV.BIODIVER.,,7,2025-12
BA,DF,INSTITUTO DO PATR.HIST.E ART. NACIONAL,,5,2025-12
BA,BA,INSTITUTO FEDERAL BAIANO,,51,2025-12
BA,BA,INSTITUTO FEDERAL DA BAHIA,,163,2025-12
BA,PE,INSTITUTO FEDERAL DO SERTAO PERNAMBUCANO,IF,6,2025-12
BA,BA,INSTITUTO NAC. DE COLONIZ E REF AGRARIA,,30,2025-12
BA,PE,INSTITUTO NAC. DE COLONIZ E REF AGRARIA,,1,2025-12
BA,PE,INSTITUTO NACIONAL DE SEGURO SOCIAL,INSS,159,2025-12
BA,DF,INSTITUTO NACIONAL DE SEGURO SOCIAL,INSS,1,2025-12
BA,BA,MIN GESTAO E INOV EM SERV PUBLICOS,,1,2025-12
BA,DF,MIN GESTAO E INOV EM SERV PUBLICOS,,16,2025-12
BA,DF,MINISTERIO DA AGRICULTURA E PECUARIA,,14,2025-12
BA,BA,MINISTERIO DA AGRICULTURA E PECUARIA,,302,2025-12
BA,PE,MINISTERIO DA AGRICULTURA E PECUARIA,,2,2025-12
BA,BA,MINISTERIO DA FAZENDA,FAZ,139,2025-12
BA,DF,MINISTERIO DA FAZENDA,FAZ,18,2025-12
BA,SP,MINISTERIO DA FAZENDA,FAZ,2,2025-12
BA,RJ,MINISTERIO DA FAZENDA,FAZ,2,2025-12
BA,PR,MINISTERIO DA FAZENDA,FAZ,4,2025-12
BA,MG,MINISTERIO DA FAZENDA,FAZ,1,2025-12
BA,PE,MINISTERIO DA FAZENDA,FAZ,2,2025-12
BA,DF,MINISTERIO DA PREVIDENCIA SOCIAL,,4,2025-12
BA,BA,MINISTERIO DA SAUDE,,952,2025-12
BA,PE,MINISTERIO DA SAUDE,,1,2025-12
BA,DF,MINISTERIO DA SAUDE,,1,2025-12
BA,AL,MINISTERIO DA SAUDE,,1,2025-12
BA,RR,MINISTERIO DA SAUDE,,1,2025-12
BA,DF,MINISTERIO DAS RELACOES EXTERIORES,,2,2025-12
BA,DF,MINISTERIO DO TRABALHO E EMPREGO,,27,2025-12
BA,DF,MINISTERIO DOS TRANSPORTES,,4,2025-12
BA,RJ,SUPERINTENDENCIA DE SEGUROS PRIVADOS,,1,2025-12
BA,BA,UNIV. FEDERAL DO RECONCAVO DA BAHIA,UNIV,55,2025-12
BA,BA,UNIVERSIDADE FEDERAL DA BAHIA,UNIV,840,2025-12
BA,BA,UNIVERSIDADE FEDERAL DO OESTE DA BAHIA,UNIV,2,2025-12
BA,RJ,UNIVERSIDADE FEDERAL DO RIO DE JANEIRO,UNIV,2,2025-12
BA,BA,UNIVERSIDADE FEDERAL DO SUL DA BAHIA,UNIV,3,2025-12
CE,DF,ADVOCACIA-GERAL DA UNIAO,,26,2025-12
CE,DF,AGENCIA BRASILEIRA DE INTELIGENCIA,,7,2025-12
CE,DF,AGENCIA NACIONAL DE AVIACAO CIVIL,,1,2025-12
CE,DF,AGENCIA NACIONAL DE MINERACAO,,4,2025-12
CE,RJ,AGENCIA NACIONAL DE SAUDE SUPLEMENTAR,,1,2025-12
CE,DF,AGENCIA NACIONAL DE TELECOMUNICACOES,,5,2025-12
CE,CE,AGENCIA NACIONAL DE VIGILANCIA SANITARIA,,4,2025-12
CE,CE,COMANDO DA AERONAUTICA,,9,2025-12
CE,CE,COMANDO DA MARINHA,,5,2025-12
CE,DF,COMANDO DO EXERCITO,,45,2025-12
CE,RJ,COMISSAO NACIONAL DE ENERGIA NUCLEAR,,6,2025-12
CE,DF,CONTROLADORIA-GERAL DA UNIAO,,5,2025-12
CE,CE,DEPARTAMENTO DE POLICIA FEDERAL,,117,2025-12
CE,PR,DEPARTAMENTO DE POLICIA FEDERAL,,1,2025-12
CE,DF,DEPARTAMENTO DE POLICIA FEDERAL,,1,2025-12
CE,CE,DEPARTAMENTO NAC.DE INFRAEST. DE TRANSP.,,2,2025-12
CE,CE,DEPTO. DE POLICIA RODOVIARIA FEDERAL,,63,2025-12
CE,PE,DEPTO. DE POLICIA RODOVIARIA FEDERAL,,1,2025-12
CE,MA,DEPTO. DE POLICIA RODOVIARIA FEDERAL,,1,2025-12
CE,CE,DEPTO. NACIONAL DE OBRAS CONTRA AS SECAS,,139,2025-12
CE,CE,FUND. INST. BRASIL. GEOG. E ESTATISTICA,,47,2025-12
CE,DF,FUNDACAO ALEXANDRE DE GUSMAO,,1,2025-12
CE,CE,FUNDACAO NACIONAL DE SAUDE,,32,2025-12
CE,DF,FUNDACAO NACIONAL DE SAUDE,,1,2025-12
CE,DF,FUNDACAO NACIONAL DOS POVOS INDIGENAS,,4,2025-12
CE,RJ,FUNDACAO OSWALDO CRUZ,,2,2025-12
CE,DF,INST. BR. MEIO AMB. REC. NAT. RENOVAVEIS,,20,2025-12
CE,DF,INSTITUTO CHICO MENDES CONSERV.BIODIVER.,,10,2025-12
CE,DF,INSTITUTO DO PATR.HIST.E ART. NACIONAL,,2,2025-12
CE,BA,INSTITUTO FEDERAL BAIANO,,1,2025-12
CE,CE,INSTITUTO FEDERAL DO CEARA,IF,156,2025-12
CE,RN,INSTITUTO FEDERAL DO RIO GRANDE DO NORTE,IF,1,2025-12
CE,CE,INSTITUTO NAC. DE COLONIZ E REF AGRARIA,,43,2025-12
CE,PE,INSTITUTO NACIONAL DE SEGURO SOCIAL,INSS,176,2025-12
CE,DF,MIN GESTAO E INOV EM SERV PUBLICOS,,18,2025-12
CE,SP,MINISTERIO CIENCIA TECNOLOGIA INOVA,,2,2025-12
CE,CE,MINISTERIO DA AGRICULTURA E PECUARIA,,21,2025-12
CE,DF,MINISTERIO DA AGRICULTURA E PECUARIA,,4,2025-12
CE,BA,MINISTERIO DA AGRICULTURA E PECUARIA,,1,2025-12
CE,CE,MINISTERIO DA FAZENDA,FAZ,113,2025-12
CE,DF,MINISTERIO DA FAZENDA,FAZ,35,2025-12
CE,RJ,MINISTERIO DA FAZENDA,FAZ,1,2025-12
CE,PA,MINISTERIO DA FAZENDA,FAZ,1,2025-12
CE,SP,MINISTERIO DA FAZENDA,FAZ,1,2025-12
CE,DF,MINISTERIO DA PREVIDENCIA SOCIAL,,12,2025-12
CE,CE,MINISTERIO DA SAUDE,,403,2025-12
CE,DF,MINISTERIO DAS RELACOES EXTERIORES,,1,2025-12
CE,DF,MINISTERIO DO PLANEJAMENTO E ORCAMENTO,,1,2025-12
CE,DF,MINISTERIO DO TRABALHO E EMPREGO,,58,2025-12
CE,DF,MINISTERIO DOS TRANSPORTES,,7,2025-12
CE,CE,UN. INT.INTERN. LUSOFONIA AFROBRASILEIRA,,5,2025-12
CE,RN,UNIVERSIDADE FED. RURAL DO SEMI-ARIDO,,2,2025-12
CE,PB,UNIVERSIDADE FEDERAL DE CAMPINA GRANDE,UNIV,2,2025-12
CE,CE,UNIVERSIDADE FEDERAL DO CARIRI,UNIV,4,2025-12
CE,CE,UNIVERSIDADE FEDERAL DO CEARA,UNIV,892,2025-12
DF,DF,ADVOCACIA-GERAL DA UNIAO,,235,2025-12
DF,DF,AGENCIA BRASILEIRA DE INTELIGENCIA,,123,2025-12
DF,DF,AGENCIA ESPACIAL BRASILEIRA,,2,2025-12
DF,RJ,AGENCIA NAC PETROLEO GAS NAT BIOCOMBUSTI,,8,2025-12
DF,DF,AGENCIA NAC. DE TRANSPORTES AQUAVIARIOS,,9,2025-12
DF,DF,AGENCIA NAC. DE TRANSPORTES TERRESTRES,,3,2025-12
DF,DF,AGENCIA NACIONAL DE AGUAS,,12,2025-12
DF,DF,AGENCIA NACIONAL DE AVIACAO CIVIL,,6,2025-12
DF,DF,AGENCIA NACIONAL DE ENERGIA ELETRICA,,26,2025-12
DF,DF,AGENCIA NACIONAL DE MINERACAO,,40,2025-12
DF,RJ,AGENCIA NACIONAL DE SAUDE SUPLEMENTAR,,1,2025-12
DF,DF,AGENCIA NACIONAL DE TELECOMUNICACOES,,25,2025-12
DF,DF,AGENCIA NACIONAL DE VIGILANCIA SANITARIA,,47,2025-12
DF,DF,COMANDO DA AERONAUTICA,,69,2025-12
DF,DF,COMANDO DA MARINHA,,49,2025-12
DF,DF,COMANDO DO EXERCITO,,131,2025-12
DF,RJ,COMISSAO NACIONAL DE ENERGIA NUCLEAR,,8,2025-12
DF,DF,CONSELHO NAC.DE DESEN.CIEN.E TECNOLOGICO,,50,2025-12
DF,DF,CONTROLADORIA-GERAL DA UNIAO,,65,2025-12
DF,DF,DEFENSORIA PUBLICA DA UNIAO,,1,2025-12
DF,DF,DEPARTAMENTO DE POLICIA FEDERAL,,299,2025-12
DF,PA,DEPARTAMENTO DE POLICIA FEDERAL,,1,2025-12
DF,RS,DEPARTAMENTO DE POLICIA FEDERAL,,2,2025-12
DF,RN,DEPARTAMENTO DE POLICIA FEDERAL,,1,2025-12
DF,SC,DEPARTAMENTO DE POLICIA FEDERAL,,1,2025-12
DF,BA,DEPARTAMENTO DE POLICIA FEDERAL,,1,2025-12
DF,PB,DEPARTAMENTO DE POLICIA FEDERAL,,2,2025-12
DF,MS,DEPARTAMENTO DE POLICIA FEDERAL,,1,2025-12
DF,MA,DEPARTAMENTO DE POLICIA FEDERAL,,1,2025-12
DF,DF,DEPARTAMENTO NAC.DE INFRAEST. DE TRANSP.,,34,2025-12
DF,GO,DEPARTAMENTO NAC.DE INFRAEST. DE TRANSP.,,3,2025-12
DF,DF,DEPTO. DE POLICIA RODOVIARIA FEDERAL,,33,2025-12
DF,PB,DEPTO. DE POLICIA RODOVIARIA FEDERAL,,1,2025-12
DF,DF,FUND COORD APERF PESSOAL NIVEL SUPERIOR,,19,2025-12
DF,DF,FUND. INST. BRASIL. GEOG. E ESTATISTICA,,27,2025-12
DF,RO,FUND. UNIVERSIDADE FEDERAL DE RONDONIA,UNIV,3,2025-12
DF,DF,FUNDACAO ALEXANDRE DE GUSMAO,,3,2025-12
DF,DF,FUNDACAO CULTURAL PALMARES,,6,2025-12
DF,DF,FUNDACAO ESCOLA NACIONAL DE ADM. PUBLICA,,55,2025-12
DF,DF,FUNDACAO NACIONAL DE SAUDE,,45,2025-12
DF,GO,FUNDACAO NACIONAL DE SAUDE,,1,2025-12
DF,DF,FUNDACAO NACIONAL DOS POVOS INDIGENAS,,40,2025-12
DF,RJ,FUNDACAO OSWALDO CRUZ,,5,2025-12
DF,DF,FUNDACAO UNIVERSIDADE DE BRASILIA,UNIV,465,2025-12
DF,AM,FUNDACAO UNIVERSIDADE DO AMAZONAS,UNIV,1,2025-12
DF,TO,FUNDACAO UNIVERSIDADE FED. DO TOCANTINS,UNIV,1,2025-12
DF,DF,FUNDO NACIONAL DE DESENVOLV. DA EDUCACAO,,55,2025-12
DF,DF,INST. BR. MEIO AMB. REC. NAT. RENOVAVEIS,,90,2025-12
DF,RJ,"INST.NAC.METROLOGIA,NORM.E QUAL.INDL.",,2,2025-12
DF,DF,INST.NACIONAL DE EST.E PESQ.EDUCACIONAIS,,13,2025-12
DF,DF,INSTITUTO BRASILEIRO DE MUSEUS,,1,2025-12
DF,DF,INSTITUTO CHICO MENDES CONSERV.BIODIVER.,,34,2025-12
DF,DF,INSTITUTO DE PESQUISA ECONOMICA APLICADA,,39,2025-12
DF,DF,INSTITUTO DO PATR.HIST.E ART. NACIONAL,,16,2025-12
DF,SC,INSTITUTO FEDERAL CATARINENSE,,1,2025-12
DF,AL,INSTITUTO FEDERAL DE ALAGOAS,IF,1,2025-12
DF,DF,INSTITUTO FEDERAL DE BRASILIA,IF,12,2025-12
DF,GO,INSTITUTO FEDERAL DE GOIAS,IF,2,2025-12
DF,PE,INSTITUTO FEDERAL DE PERNAMBUCO,IF,1,2025-12
DF,AP,INSTITUTO FEDERAL DO AMAPA,IF,1,2025-12
DF,MA,INSTITUTO FEDERAL DO MARANHAO,IF,1,2025-12
DF,MG,INSTITUTO FEDERAL DO TRIANGULO MINEIRO,IF,1,2025-12
DF,GO,INSTITUTO FEDERAL GOIANO,,1,2025-12
DF,RJ,INSTITUTO NAC. DA PROPRIEDADE INDUSTRIAL,,1,2025-12
DF,DF,INSTITUTO NAC. DE COLONIZ E REF AGRARIA,,81,2025-12
DF,BA,INSTITUTO NAC. DE COLONIZ E REF AGRARIA,,1,2025-12
DF,MG,INSTITUTO NAC. DE COLONIZ E REF AGRARIA,,1,2025-12
DF,DF,INSTITUTO NACIONAL DE SEGURO SOCIAL,INSS,202,2025-12
DF,RJ,INSTITUTO NACIONAL DE SEGURO SOCIAL,INSS,2,2025-12
DF,DF,MIN DA INTEG E DO DESENV REGIONAL,,10,2025-12
DF,DF,MIN DESENV ASSIS SOCI FAMIL COMBATE FOME,,2,2025-12
DF,DF,MIN DESENVOLV IND COMERCIO E SERVICOS,,21,2025-12
DF,DF,MIN DO DESENV AGR E AGRIC FAMILIAR,,5,2025-12
DF,DF,MIN EMPREEND MICROEMP EMP PEQUENO PORTE,,2,2025-12
DF,DF,MIN GESTAO E INOV EM SERV PUBLICOS,,402,2025-12
DF,DF,MINIST. DA JUSTICA E SEGURANCA PUBLICA,,61,2025-12
DF,DF,MINISTERIO CIENCIA TECNOLOGIA INOVA,,53,2025-12
DF,SP,MINISTERIO CIENCIA TECNOLOGIA INOVA,,1,2025-12
DF,DF,MINISTERIO DA AGRICULTURA E PECUARIA,,138,2025-12
DF,BA,MINISTERIO DA AGRICULTURA E PECUARIA,,7,2025-12
DF,GO,MINISTERIO DA AGRICULTURA E PECUARIA,,1,2025-12
DF,CE,MINISTERIO DA AGRICULTURA E PECUARIA,,1,2025-12
DF,DF,MINISTERIO DA CULTURA,,29,2025-12
DF,DF,MINISTERIO DA DEFESA,,104,2025-12
DF,DF,MINISTERIO DA EDUCACAO,,130,2025-12
DF,DF,MINISTERIO DA FAZENDA,FAZ,416,2025-12
DF,SP,MINISTERIO DA FAZENDA,FAZ,2,2025-12
DF,RJ,MINISTERIO DA FAZENDA,FAZ,1,2025-12
DF,MG,MINISTERIO DA FAZENDA,FAZ,1,2025-12
DF,PE,MINISTERIO DA FAZENDA,FAZ,1,2025-12
DF,PA,MINISTERIO DA FAZENDA,FAZ,1,2025-12
DF,DF,MINISTERIO DA PREVIDENCIA SOCIAL,,32,2025-12
DF,DF,MINISTERIO DA SAUDE,,500,2025-12
DF,RJ,MINISTERIO DA SAUDE,,1,2025-12
DF,GO,MINISTERIO DA SAUDE,,1,2025-12
DF,DF,MINISTERIO DAS CIDADES,,16,2025-12
DF,DF,MINISTERIO DAS COMUNICACOES,,37,2025-12
DF,DF,MINISTERIO DAS RELACOES EXTERIORES,,449,2025-12
DF,DF,MINISTERIO DE MINAS E ENERGIA,,68,2025-12
DF,DF,MINISTERIO DE PORTOS E AEROPORTOS,,4,2025-12
DF,DF,MINISTERIO DO ESPORTE,,12,2025-12
DF,DF,MINISTERIO DO MEIO AMBIENTE,,22,2025-12
DF,DF,MINISTERIO DO PLANEJAMENTO E ORCAMENTO,,68,2025-12
DF,DF,MINISTERIO DO TRABALHO E EMPREGO,,82,2025-12
DF,DF,MINISTERIO DO TURISMO,,19,2025-12
DF,DF,MINISTERIO DOS TRANSPORTES,,51,2025-12
DF,DF,PRESIDENCIA DA REPUBLICA,,22,2025-12
DF,DF,SUP.DE DESENVOLVIMENTO DO CENTRO OESTE,,1,2025-12
DF,DF,SUPERINT.NAC.DE PREVIDENCIA COMPLEMENTAR,,10,2025-12
DF,RJ,SUPERINTENDENCIA DE SEGUROS PRIVADOS,,2,2025-12
DF,MG,UNI.FED.VALES DO JEQUITINHONHA E MUCURI,,1,2025-12
DF,RS,UNIVERSIDADE FED. DO RIO GRANDE DO SUL,,1,2025-12
DF,MG,UNIVERSIDADE FED.DO TRIANGULO MINEIRO,,1,2025-12
DF,PB,UNIVERSIDADE FEDERAL DE CAMPINA GRANDE,UNIV,2,2025-12
DF,GO,UNIVERSIDADE FEDERAL DE CATALAO,UNIV,1,2025-12
DF,GO,UNIVERSIDADE FEDERAL DE GOIAS,UNIV,2,2025-12
DF,MG,UNIVERSIDADE FEDERAL DE JUIZ DE FORA,UNIV,1,2025-12
DF,RS,UNIVERSIDADE FEDERAL DE SANTA MARIA,UNIV,1,2025-12
DF,AC,UNIVERSIDADE FEDERAL DO ACRE,UNIV,1,2025-12
DF,CE,UNIVERSIDADE FEDERAL DO CEARA,UNIV,1,2025-12
DF,ES,UNIVERSIDADE FEDERAL DO ESPIRITO SANTO,UNIV,1,2025-12
DF,PA,UNIVERSIDADE FEDERAL DO OESTE DO PARA,UNIV,1,2025-12
DF,PR,UNIVERSIDADE FEDERAL DO PARANA,UNIV,1,2025-12
DF,RJ,UNIVERSIDADE FEDERAL DO RIO DE JANEIRO,UNIV,6,2025-12
DF,RJ,UNIVERSIDADE FEDERAL FLUMINENSE,UNIV,1,2025-12
DF,PE,UNIVERSIDADE FEDERAL RURAL DE PERNAMBUCO,UNIV,1,2025-12
ES,DF,ADVOCACIA-GERAL DA UNIAO,,8,2025-12
ES,DF,AGENCIA BRASILEIRA DE INTELIGENCIA,,2,2025-12
ES,DF,AGENCIA NAC. DE TRANSPORTES TERRESTRES,,1,2025-12
ES,DF,AGENCIA NACIONAL DE AVIACAO CIVIL,,2,2025-12
ES,DF,AGENCIA NACIONAL DE MINERACAO,,3,2025-12
ES,DF,AGENCIA NACIONAL DE TELECOMUNICACOES,,3,2025-12
ES,ES,AGENCIA NACIONAL DE VIGILANCIA SANITARIA,,3,2025-12
ES,ES,COMANDO DA MARINHA,,3,2025-12
ES,DF,COMANDO DO EXERCITO,,1,2025-12
ES,RJ,COMISSAO DE VALORES MOBILIARIOS,,1,2025-12
ES,DF,CONTROLADORIA-GERAL DA UNIAO,,6,2025-12
ES,ES,DEPARTAMENTO DE POLICIA FEDERAL,,43,2025-12
ES,DF,DEPARTAMENTO DE POLICIA FEDERAL,,1,2025-12
ES,AP,DEPARTAMENTO DE POLICIA FEDERAL,,1,2025-12
ES,ES,DEPARTAMENTO NAC.DE INFRAEST. DE TRANSP.,,6,2025-12
ES,ES,DEPTO. DE POLICIA RODOVIARIA FEDERAL,,25,2025-12
ES,MG,FUND. INST. BRASIL. GEOG. E ESTATISTICA,,18,2025-12
ES,RJ,FUND. INST. BRASIL. GEOG. E ESTATISTICA,,1,2025-12
ES,SP,FUND.JORGE DUPRAT FIG. SEG. MED.TRABALHO,,2,2025-12
ES,RJ,FUNDACAO NACIONAL DE ARTES,,1,2025-12
ES,ES,FUNDACAO NACIONAL DE SAUDE,,6,2025-12
ES,MG,FUNDACAO OSWALDO CRUZ,,1,2025-12
ES,RJ,FUNDACAO OSWALDO CRUZ,,1,2025-12
ES,DF,INST. BR. MEIO AMB. REC. NAT. RENOVAVEIS,,4,2025-12
ES,DF,INSTITUTO BRASILEIRO DE MUSEUS,,3,2025-12
ES,DF,INSTITUTO CHICO MENDES CONSERV.BIODIVER.,,12,2025-12
ES,DF,INSTITUTO DO PATR.HIST.E ART. NACIONAL,,1,2025-12
ES,BA,INSTITUTO FEDERAL BAIANO,,1,2025-12
ES,ES,INSTITUTO FEDERAL DO ESPIRITO SANTO,IF,153,2025-12
ES,RJ,INSTITUTO FEDERAL FLUMINENSE,,1,2025-12
ES,RJ,INSTITUTO NAC. DA PROPRIEDADE INDUSTRIAL,,1,2025-12
ES,ES,INSTITUTO NAC. DE COLONIZ E REF AGRARIA,,4,2025-12
ES,MG,INSTITUTO NACIONAL DE SEGURO SOCIAL,INSS,45,2025-12
ES,RJ,INSTITUTO NACIONAL DE SEGURO SOCIAL,INSS,1,2025-12
ES,DF,MIN GESTAO E INOV EM SERV PUBLICOS,,6,2025-12
ES,ES,MIN GESTAO E INOV EM SERV PUBLICOS,,1,2025-12
ES,RJ,MINISTERIO CIENCIA TECNOLOGIA INOVA,,1,2025-12
ES,ES,MINISTERIO DA AGRICULTURA E PECUARIA,,22,2025-12
ES,BA,MINISTERIO DA AGRICULTURA E PECUARIA,,6,2025-12
ES,RJ,MINISTERIO DA FAZENDA,FAZ,63,2025-12
ES,DF,MINISTERIO DA FAZENDA,FAZ,5,2025-12
ES,SP,MINISTERIO DA FAZENDA,FAZ,2,2025-12
ES,PR,MINISTERIO DA FAZENDA,FAZ,1,2025-12
ES,DF,MINISTERIO DA PREVIDENCIA SOCIAL,,3,2025-12
ES,ES,MINISTERIO DA SAUDE,,118,2025-12
ES,MG,MINISTERIO DA SAUDE,,2,2025-12
ES,RJ,MINISTERIO DA SAUDE,,1,2025-12
ES,DF,MINISTERIO DAS CIDADES,,1,2025-12
ES,DF,MINISTERIO DAS COMUNICACOES,,2,2025-12
ES,DF,MINISTERIO DO TRABALHO E EMPREGO,,21,2025-12
ES,DF,MINISTERIO DOS TRANSPORTES,,1,2025-12
ES,RJ,UNIV. FEDERAL RURAL DO RIO DE JANEIRO,UNIV,1,2025-12
ES,BA,UNIVERSIDADE FEDERAL DA BAHIA,UNIV,1,2025-12
ES,ES,UNIVERSIDADE FEDERAL DO ESPIRITO SANTO,UNIV,323,2025-12
GO,DF,ADVOCACIA-GERAL DA UNIAO,,52,2025-12
GO,DF,AGENCIA BRASILEIRA DE INTELIGENCIA,,8,2025-12
GO,DF,AGENCIA NACIONAL DE AGUAS,,1,2025-12
GO,DF,AGENCIA NACIONAL DE MINERACAO,,12,2025-12
GO,DF,AGENCIA NACIONAL DE TELECOMUNICACOES,,2,2025-12
GO,GO,AGENCIA NACIONAL DE VIGILANCIA SANITARIA,,7,2025-12
GO,DF,COMANDO DA AERONAUTICA,,17,2025-12
GO,DF,COMANDO DA MARINHA,,3,2025-12
GO,DF,COMANDO DO EXERCITO,,9,2025-12
GO,RJ,COMISSAO NACIONAL DE ENERGIA NUCLEAR,,6,2025-12
GO,DF,CONSELHO NAC.DE DESEN.CIEN.E TECNOLOGICO,,4,2025-12
GO,DF,CONTROLADORIA-GERAL DA UNIAO,,6,2025-12
GO,DF,DEPARTAMENTO DE POLICIA FEDERAL,,10,2025-12
GO,PR,DEPARTAMENTO DE POLICIA FEDERAL,,1,2025-12
GO,GO,DEPARTAMENTO DE POLICIA FEDERAL,,56,2025-12
GO,SC,DEPARTAMENTO DE POLICIA FEDERAL,,1,2025-12
GO,GO,DEPARTAMENTO NAC.DE INFRAEST. DE TRANSP.,,10,2025-12
GO,DF,DEPARTAMENTO NAC.DE INFRAEST. DE TRANSP.,,1,2025-12
GO,GO,DEPTO. DE POLICIA RODOVIARIA FEDERAL,,32,2025-12
GO,MT,DEPTO. DE POLICIA RODOVIARIA FEDERAL,,4,2025-12
GO,DF,DEPTO. DE POLICIA RODOVIARIA FEDERAL,,5,2025-12
GO,DF,FUND COORD APERF PESSOAL NIVEL SUPERIOR,,1,2025-12
GO,DF,FUND. INST. BRASIL. GEOG. E ESTATISTICA,,2,2025-12
GO,GO,FUND. INST. BRASIL. GEOG. E ESTATISTICA,,15,2025-12
GO,DF,FUNDACAO ESCOLA NACIONAL DE ADM. PUBLICA,,4,2025-12
GO,RJ,FUNDACAO NACIONAL DE ARTES,,1,2025-12
GO,DF,FUNDACAO NACIONAL DE SAUDE,,3,2025-12
GO,GO,FUNDACAO NACIONAL DE SAUDE,,15,2025-12
GO,DF,FUNDACAO NACIONAL DOS POVOS INDIGENAS,,8,2025-12
GO,DF,FUNDACAO UNIVERSIDADE DE BRASILIA,UNIV,16,2025-12
GO,DF,FUNDO NACIONAL DE DESENVOLV. DA EDUCACAO,,4,2025-12
GO,DF,INST. BR. MEIO AMB. REC. NAT. RENOVAVEIS,,17,2025-12
GO,RJ,"INST.NAC.METROLOGIA,NORM.E QUAL.INDL.",,5,2025-12
GO,DF,INST.NACIONAL DE EST.E PESQ.EDUCACIONAIS,,1,2025-12
GO,DF,INSTITUTO CHICO MENDES CONSERV.BIODIVER.,,6,2025-12
GO,DF,INSTITUTO DO PATR.HIST.E ART. NACIONAL,,1,2025-12
GO,DF,INSTITUTO FEDERAL DE BRASILIA,IF,1,2025-12
GO,GO,INSTITUTO FEDERAL DE GOIAS,IF,95,2025-12
GO,AM,INSTITUTO FEDERAL DO AMAZONAS,IF,1,2025-12
GO,TO,INSTITUTO FEDERAL DO TOCANTINS,IF,1,2025-12
GO,GO,INSTITUTO FEDERAL GOIANO,,58,2025-12
GO,GO,INSTITUTO NAC. DE COLONIZ E REF AGRARIA,,7,2025-12
GO,DF,INSTITUTO NAC. DE COLONIZ E REF AGRARIA,,6,2025-12
GO,MT,INSTITUTO NAC. DE COLONIZ E REF AGRARIA,,1,2025-12
GO,DF,INSTITUTO NACIONAL DE SEGURO SOCIAL,INSS,108,2025-12
GO,GO,MIN GESTAO E INOV EM SERV PUBLICOS,,1,2025-12
GO,DF,MIN GESTAO E INOV EM SERV PUBLICOS,,25,2025-12
GO,DF,MINIST. DA JUSTICA E SEGURANCA PUBLICA,,7,2025-12
GO,DF,MINISTERIO CIENCIA TECNOLOGIA INOVA,,5,2025-12
GO,DF,MINISTERIO DA AGRICULTURA E PECUARIA,,20,2025-12
GO,GO,MINISTERIO DA AGRICULTURA E PECUARIA,,19,2025-12
GO,DF,MINISTERIO DA CULTURA,,2,2025-12
GO,DF,MINISTERIO DA DEFESA,,4,2025-12
GO,DF,MINISTERIO DA EDUCACAO,,7,2025-12
GO,DF,MINISTERIO DA FAZENDA,FAZ,76,2025-12
GO,MG,MINISTERIO DA FAZENDA,FAZ,2,2025-12
GO,SP,MINISTERIO DA FAZENDA,FAZ,1,2025-12
GO,DF,MINISTERIO DA PREVIDENCIA SOCIAL,,9,2025-12
GO,DF,MINISTERIO DA SAUDE,,57,2025-12
GO,GO,MINISTERIO DA SAUDE,,231,2025-12
GO,DF,MINISTERIO DAS COMUNICACOES,,2,2025-12
GO,DF,MINISTERIO DAS RELACOES EXTERIORES,,8,2025-12
GO,DF,MINISTERIO DE MINAS E ENERGIA,,7,2025-12
GO,DF,MINISTERIO DO MEIO AMBIENTE,,2,2025-12
GO,DF,MINISTERIO DO PLANEJAMENTO E ORCAMENTO,,4,2025-12
GO,DF,MINISTERIO DO TRABALHO E EMPREGO,,26,2025-12
GO,DF,MINISTERIO DO TURISMO,,1,2025-12
GO,DF,MINISTERIO DOS TRANSPORTES,,2,2025-12
GO,DF,PRESIDENCIA DA REPUBLICA,,2,2025-12
GO,PE,SUPERINTENDENCIA DO DESENV. DO NORDESTE,,1,2025-12
GO,RJ,UNIVERSIDADE DO RIO DE JANEIRO,,1,2025-12
GO,GO,UNIVERSIDADE FEDERAL DE CATALAO,UNIV,14,2025-12
GO,GO,UNIVERSIDADE FEDERAL DE GOIAS,UNIV,447,2025-12
GO,GO,UNIVERSIDADE FEDERAL DE JATAI,UNIV,5,2025-12
GO,MT,UNIVERSIDADE FEDERAL DE MATO GROSSO,UNIV,5,2025-12
GO,AC,UNIVERSIDADE FEDERAL DO ACRE,UNIV,1,2025-12
MA,DF,ADVOCACIA-GERAL DA UNIAO,,15,2025-12
MA,DF,AGENCIA BRASILEIRA DE INTELIGENCIA,,1,2025-12
MA,RJ,AGENCIA NAC PETROLEO GAS NAT BIOCOMBUSTI,,1,2025-12
MA,DF,AGENCIA NAC. DE TRANSPORTES TERRESTRES,,5,2025-12
MA,DF,AGENCIA NACIONAL DE MINERACAO,,1,2025-12
MA,DF,AGENCIA NACIONAL DE TELECOMUNICACOES,,1,2025-12
MA,MA,AGENCIA NACIONAL DE VIGILANCIA SANITARIA,,3,2025-12
MA,DF,COMANDO DA AERONAUTICA,,18,2025-12
MA,PA,COMANDO DA MARINHA,,3,2025-12
MA,DF,COMANDO DO EXERCITO,,2,2025-12
MA,DF,CONTROLADORIA-GERAL DA UNIAO,,5,2025-12
MA,PI,DEPARTAMENTO DE POLICIA FEDERAL,,2,2025-12
MA,MA,DEPARTAMENTO DE POLICIA FEDERAL,,37,2025-12
MA,MA,DEPARTAMENTO NAC.DE INFRAEST. DE TRANSP.,,2,2025-12
MA,MA,DEPTO. DE POLICIA RODOVIARIA FEDERAL,,47,2025-12
MA,CE,FUND. INST. BRASIL. GEOG. E ESTATISTICA,,24,2025-12
MA,MA,FUNDACAO NACIONAL DE SAUDE,,45,2025-12
MA,DF,FUNDACAO NACIONAL DE SAUDE,,1,2025-12
MA,PI,FUNDACAO NACIONAL DE SAUDE,,1,2025-12
MA,DF,FUNDACAO NACIONAL DOS POVOS INDIGENAS,,21,2025-12
MA,MA,FUNDACAO UNIVERSIDADE DO MARANHAO,UNIV,354,2025-12
MA,DF,INST. BR. MEIO AMB. REC. NAT. RENOVAVEIS,,18,2025-12
MA,DF,INSTITUTO CHICO MENDES CONSERV.BIODIVER.,,1,2025-12
MA,DF,INSTITUTO DO PATR.HIST.E ART. NACIONAL,,8,2025-12
MA,MA,INSTITUTO FEDERAL DO MARANHAO,IF,141,2025-12
MA,PI,INSTITUTO FEDERAL DO PIAUI,IF,2,2025-12
MA,MG,INSTITUTO FEDERAL DO TRIANGULO MINEIRO,IF,1,2025-12
MA,MA,INSTITUTO NAC. DE COLONIZ E REF AGRARIA,,58,2025-12
MA,PI,INSTITUTO NAC. DE COLONIZ E REF AGRARIA,,1,2025-12
MA,PE,INSTITUTO NACIONAL DE SEGURO SOCIAL,INSS,107,2025-12
MA,DF,MIN GESTAO E INOV EM SERV PUBLICOS,,132,2025-12
MA,SP,MINISTERIO CIENCIA TECNOLOGIA INOVA,,1,2025-12
MA,MA,MINISTERIO DA AGRICULTURA E PECUARIA,,10,2025-12
MA,DF,MINISTERIO DA AGRICULTURA E PECUARIA,,6,2025-12
MA,DF,MINISTERIO DA EDUCACAO,,1,2025-12
MA,DF,MINISTERIO DA FAZENDA,FAZ,8,2025-12
MA,CE,MINISTERIO DA FAZENDA,FAZ,34,2025-12
MA,SP,MINISTERIO DA FAZENDA,FAZ,1,2025-12
MA,PR,MINISTERIO DA FAZENDA,FAZ,2,2025-12
MA,MG,MINISTERIO DA FAZENDA,FAZ,2,2025-12
MA,DF,MINISTERIO DA PREVIDENCIA SOCIAL,,4,2025-12
MA,MA,MINISTERIO DA SAUDE,,770,2025-12
MA,DF,MINISTERIO DA SAUDE,,2,2025-12
MA,PI,MINISTERIO DA SAUDE,,7,2025-12
MA,DF,MINISTERIO DO TRABALHO E EMPREGO,,37,2025-12
MA,DF,MINISTERIO DOS TRANSPORTES,,2,2025-12
MA,CE,UNIVERSIDADE FEDERAL DO CEARA,UNIV,1,2025-12
MA,PI,UNIVERSIDADE FEDERAL DO PIAUI,UNIV,6,2025-12
MG,DF,ADVOCACIA-GERAL DA UNIAO,,50,2025-12
MG,DF,AGENCIA BRASILEIRA DE INTELIGENCIA,,4,2025-12
MG,RJ,AGENCIA NAC PETROLEO GAS NAT BIOCOMBUSTI,,1,2025-12
MG,DF,AGENCIA NAC. DE TRANSPORTES AQUAVIARIOS,,1,2025-12
MG,DF,AGENCIA NAC. DE TRANSPORTES TERRESTRES,,6,2025-12
MG,DF,AGENCIA NACIONAL DE AVIACAO CIVIL,,4,2025-12
MG,DF,AGENCIA NACIONAL DE MINERACAO,,12,2025-12
MG,RJ,AGENCIA NACIONAL DE SAUDE SUPLEMENTAR,,1,2025-12
MG,DF,AGENCIA NACIONAL DE TELECOMUNICACOES,,5,2025-12
MG,MG,AGENCIA NACIONAL DE VIGILANCIA SANITARIA,,4,2025-12
MG,DF,AGENCIA NACIONAL DE VIGILANCIA SANITARIA,,1,2025-12
MG,RJ,AGENCIA NACIONAL DO CINEMA,,1,2025-12
MG,MG,CENTRO FED.DE EDUC.TECNOL.MINAS GERAIS,,131,2025-12
MG,DF,COMANDO DA AERONAUTICA,,9,2025-12
MG,MG,COMANDO DA AERONAUTICA,,4,2025-12
MG,SP,COMANDO DA AERONAUTICA,,1,2025-12
MG,RJ,COMANDO DA MARINHA,,1,2025-12
MG,DF,COMANDO DO EXERCITO,,74,2025-12
MG,RJ,COMISSAO DE VALORES MOBILIARIOS,,1,2025-12
MG,MG,COMISSAO NACIONAL DE ENERGIA NUCLEAR,,94,2025-12
MG,RJ,COMISSAO NACIONAL DE ENERGIA NUCLEAR,,10,2025-12
MG,DF,CONTROLADORIA-GERAL DA UNIAO,,10,2025-12
MG,MG,DEPARTAMENTO DE POLICIA FEDERAL,,108,2025-12
MG,DF,DEPARTAMENTO DE POLICIA FEDERAL,,1,2025-12
MG,RR,DEPARTAMENTO DE POLICIA FEDERAL,,1,2025-12
MG,MG,DEPARTAMENTO NAC.DE INFRAEST. DE TRANSP.,,20,2025-12
MG,MG,DEPTO. DE POLICIA RODOVIARIA FEDERAL,,84,2025-12
MG,SP,DEPTO. DE POLICIA RODOVIARIA FEDERAL,,1,2025-12
MG,RJ,DEPTO. DE POLICIA RODOVIARIA FEDERAL,,1,2025-12
MG,SC,DEPTO. DE POLICIA RODOVIARIA FEDERAL,,1,2025-12
MG,MG,DEPTO. NACIONAL DE OBRAS CONTRA AS SECAS,,2,2025-12
MG,MG,FUND. INST. BRASIL. GEOG. E ESTATISTICA,,31,2025-12
MG,RJ,FUND. INST. BRASIL. GEOG. E ESTATISTICA,,1,2025-12
MG,MG,FUND. UNIVERSIDADE DE SAO JOAO DEL REI,,63,2025-12
MG,SP,FUND.JORGE DUPRAT FIG. SEG. MED.TRABALHO,,1,2025-12
MG,MG,FUNDACAO NACIONAL DE SAUDE,,19,2025-12
MG,DF,FUNDACAO NACIONAL DE SAUDE,,2,2025-12
MG,DF,FUNDACAO NACIONAL DOS POVOS INDIGENAS,,3,2025-12
MG,MG,FUNDACAO OSWALDO CRUZ,,20,2025-12
MG,RJ,FUNDACAO OSWALDO CRUZ,,2,2025-12
MG,MG,FUNDACAO UNIV. FEDERAL DE OURO PRETO,UNIV,127,2025-12
MG,MG,FUNDACAO UNIV. FEDERAL DE UBERLANDIA,UNIV,542,2025-12
MG,DF,INST. BR. MEIO AMB. REC. NAT. RENOVAVEIS,,12,2025-12
MG,DF,INSTITUTO BRASILEIRO DE MUSEUS,,6,2025-12
MG,DF,INSTITUTO CHICO MENDES CONSERV.BIODIVER.,,9,2025-12
MG,DF,INSTITUTO DE PESQUISA ECONOMICA APLICADA,,1,2025-12
MG,DF,INSTITUTO DO PATR.HIST.E ART. NACIONAL,,7,2025-12
MG,MG,INSTITUTO FED. DO NORTE DE MINAS GERAIS,,48,2025-12
MG,MG,INSTITUTO FED.DO SUDESTE DE MINAS GERAIS,,56,2025-12
MG,GO,INSTITUTO FEDERAL DE GOIAS,IF,1,2025-12
MG,MG,INSTITUTO FEDERAL DE MINAS GERAIS,IF,86,2025-12
MG,PE,INSTITUTO FEDERAL DE PERNAMBUCO,IF,1,2025-12
MG,RR,INSTITUTO FEDERAL DE RORAIMA,IF,1,2025-12
MG,SP,INSTITUTO FEDERAL DE SAO PAULO,IF,3,2025-12
MG,ES,INSTITUTO FEDERAL DO ESPIRITO SANTO,IF,1,2025-12
MG,MG,INSTITUTO FEDERAL DO SUL DE MINAS GERAIS,IF,38,2025-12
MG,MG,INSTITUTO FEDERAL DO TRIANGULO MINEIRO,IF,46,2025-12
MG,MG,INSTITUTO NAC. DE COLONIZ E REF AGRARIA,,15,2025-12
MG,MG,INSTITUTO NACIONAL DE SEGURO SOCIAL,INSS,220,2025-12
MG,DF,INSTITUTO NACIONAL DE SEGURO SOCIAL,INSS,2,2025-12
MG,RJ,INSTITUTO NACIONAL DE SEGURO SOCIAL,INSS,2,2025-12
MG,DF,MIN GESTAO E INOV EM SERV PUBLICOS,,17,2025-12
MG,SP,MINISTERIO CIENCIA TECNOLOGIA INOVA,,2,2025-12
MG,MG,MINISTERIO CIENCIA TECNOLOGIA INOVA,,12,2025-12
MG,RJ,MINISTERIO CIENCIA TECNOLOGIA INOVA,,1,2025-12
MG,MG,MINISTERIO DA AGRICULTURA E PECUARIA,,66,2025-12
MG,DF,MINISTERIO DA AGRICULTURA E PECUARIA,,12,2025-12
MG,SP,MINISTERIO DA AGRICULTURA E PECUARIA,,1,2025-12
MG,DF,MINISTERIO DA CULTURA,,1,2025-12
MG,DF,MINISTERIO DA EDUCACAO,,1,2025-12
MG,DF,MINISTERIO DA FAZENDA,FAZ,51,2025-12
MG,MG,MINISTERIO DA FAZENDA,FAZ,276,2025-12
MG,SP,MINISTERIO DA FAZENDA,FAZ,7,2025-12
MG,RJ,MINISTERIO DA FAZENDA,FAZ,2,2025-12
MG,PR,MINISTERIO DA FAZENDA,FAZ,2,2025-12
MG,DF,MINISTERIO DA PESCA E AQUICULTURA,,1,2025-12
MG,DF,MINISTERIO DA PREVIDENCIA SOCIAL,,29,2025-12
MG,MG,MINISTERIO DA SAUDE,,360,2025-12
MG,DF,MINISTERIO DA SAUDE,,1,2025-12
MG,RJ,MINISTERIO DA SAUDE,,3,2025-12
MG,DF,MINISTERIO DAS CIDADES,,2,2025-12
MG,DF,MINISTERIO DAS COMUNICACOES,,1,2025-12
MG,DF,MINISTERIO DAS RELACOES EXTERIORES,,1,2025-12
MG,DF,MINISTERIO DO MEIO AMBIENTE,,1,2025-12
MG,DF,MINISTERIO DO PLANEJAMENTO E ORCAMENTO,,3,2025-12
MG,DF,MINISTERIO DO TRABALHO E EMPREGO,,74,2025-12
MG,DF,MINISTERIO DO TRABALHO E PREVIDENCIA,,1,2025-12
MG,DF,MINISTERIO DOS TRANSPORTES,,1,2025-12
MG,MG,UNI.FED.VALES DO JEQUITINHONHA E MUCURI,,46,2025-12
MG,MG,UNIVERSIDADE FED.DO TRIANGULO MINEIRO,,243,2025-12
MG,MG,UNIVERSIDADE FEDERAL DE ALFENAS,UNIV,48,2025-12
MG,PB,UNIVERSIDADE FEDERAL DE CAMPINA GRANDE,UNIV,1,2025-12
MG,GO,UNIVERSIDADE FEDERAL DE CATALAO,UNIV,1,2025-12
MG,MG,UNIVERSIDADE FEDERAL DE ITAJUBA,UNIV,56,2025-12
MG,MG,UNIVERSIDADE FEDERAL DE JUIZ DE FORA,UNIV,258,2025-12
MG,MG,UNIVERSIDADE FEDERAL DE LAVRAS,UNIV,82,2025-12
MG,MG,UNIVERSIDADE FEDERAL DE MINAS GERAIS,UNIV,821,2025-12
MG,MG,UNIVERSIDADE FEDERAL DE VICOSA,UNIV,476,2025-12
MG,AC,UNIVERSIDADE FEDERAL DO ACRE,UNIV,1,2025-12
MG,RJ,UNIVERSIDADE FEDERAL DO RIO DE JANEIRO,UNIV,5,2025-12
MS,DF,ADVOCACIA-GERAL DA UNIAO,,9,2025-12
MS,DF,AGENCIA BRASILEIRA DE INTELIGENCIA,,2,2025-12
MS,DF,AGENCIA NACIONAL DE MINERACAO,,4,2025-12
MS,DF,AGENCIA NACIONAL DE TELECOMUNICACOES,,1,2025-12
MS,MS,AGENCIA NACIONAL DE VIGILANCIA SANITARIA,,7,2025-12
MS,DF,COMANDO DA AERONAUTICA,,1,2025-12
MS,MS,COMANDO DA MARINHA,,5,2025-12
MS,DF,COMANDO DO EXERCITO,,34,2025-12
MS,DF,CONTROLADORIA-GERAL DA UNIAO,,1,2025-12
MS,MS,DEPARTAMENTO DE POLICIA FEDERAL,,40,2025-12
MS,DF,DEPARTAMENTO DE POLICIA FEDERAL,,1,2025-12
MS,ES,DEPARTAMENTO DE POLICIA FEDERAL,,1,2025-12
MS,MS,DEPARTAMENTO NAC.DE INFRAEST. DE TRANSP.,,8,2025-12
MS,MS,DEPTO. DE POLICIA RODOVIARIA FEDERAL,,43,2025-12
MS,SP,FUND. INST. BRASIL. GEOG. E ESTATISTICA,,13,2025-12
MS,MS,FUND. UNIV FEDERAL DA GRANDE DOURADOS,UNIV,35,2025-12
MS,MS,FUNDACAO NACIONAL DE SAUDE,,9,2025-12
MS,DF,FUNDACAO NACIONAL DOS POVOS INDIGENAS,,10,2025-12
MS,RJ,FUNDACAO OSWALDO CRUZ,,1,2025-12
MS,DF,INST. BR. MEIO AMB. REC. NAT. RENOVAVEIS,,8,2025-12
MS,MS,INSTITUTO FEDERAL DE MATO GROSSO DO SUL,IF,4,2025-12
MS,MS,INSTITUTO NAC. DE COLONIZ E REF AGRARIA,,23,2025-12
MS,DF,INSTITUTO NACIONAL DE SEGURO SOCIAL,INSS,53,2025-12
MS,MG,INSTITUTO NACIONAL DE SEGURO SOCIAL,INSS,2,2025-12
MS,DF,MIN GESTAO E INOV EM SERV PUBLICOS,,7,2025-12
MS,DF,MINIST. DA JUSTICA E SEGURANCA PUBLICA,,3,2025-12
MS,MS,MINISTERIO DA AGRICULTURA E PECUARIA,,31,2025-12
MS,DF,MINISTERIO DA AGRICULTURA E PECUARIA,,2,2025-12
MS,DF,MINISTERIO DA FAZENDA,FAZ,55,2025-12
MS,MG,MINISTERIO DA FAZENDA,FAZ,1,2025-12
MS,DF,MINISTERIO DA PREVIDENCIA SOCIAL,,1,2025-12
MS,MS,MINISTERIO DA SAUDE,,127,2025-12
MS,DF,MINISTERIO DAS COMUNICACOES,,1,2025-12
MS,DF,MINISTERIO DO TRABALHO E EMPREGO,,15,2025-12
MS,MS,UNIV. FEDERAL DE MATO GROSSO DO SUL,UNIV,301,2025-12
MS,PR,UNIVERSIDADE FEDERAL DO PARANA,UNIV,1,2025-12
MT,DF,ADVOCACIA-GERAL DA UNIAO,,7,2025-12
MT,DF,AGENCIA NAC. DE TRANSPORTES TERRESTRES,,1,2025-12
MT,DF,AGENCIA NACIONAL DE MINERACAO,,13,2025-12
MT,DF,AGENCIA NACIONAL DE TELECOMUNICACOES,,1,2025-12
MT,MT,AGENCIA NACIONAL DE VIGILANCIA SANITARIA,,2,2025-12
MT,DF,COMANDO DO EXERCITO,,5,2025-12
MT,DF,CONTROLADORIA-GERAL DA UNIAO,,2,2025-12
MT,MT,DEPARTAMENTO DE POLICIA FEDERAL,,19,2025-12
MT,DF,DEPARTAMENTO DE POLICIA FEDERAL,,1,2025-12
MT,MT,DEPARTAMENTO NAC.DE INFRAEST. DE TRANSP.,,12,2025-12
MT,GO,DEPARTAMENTO NAC.DE INFRAEST. DE TRANSP.,,1,2025-12
MT,MT,DEPTO. DE POLICIA RODOVIARIA FEDERAL,,60,2025-12
MT,GO,FUND. INST. BRASIL. GEOG. E ESTATISTICA,,9,2025-12
MT,MT,FUNDACAO NACIONAL DE SAUDE,,12,2025-12
MT,DF,FUNDACAO NACIONAL DOS POVOS INDIGENAS,,26,2025-12
MT,DF,INST. BR. MEIO AMB. REC. NAT. RENOVAVEIS,,10,2025-12
MT,DF,INSTITUTO CHICO MENDES CONSERV.BIODIVER.,,1,2025-12
MT,MT,INSTITUTO FEDERAL DE MATO GROSSO,IF,64,2025-12
MT,MT,INSTITUTO NAC. DE COLONIZ E REF AGRARIA,,51,2025-12
MT,DF,INSTITUTO NACIONAL DE SEGURO SOCIAL,INSS,42,2025-12
MT,DF,MIN GESTAO E INOV EM SERV PUBLICOS,,5,2025-12
MT,SP,MINISTERIO CIENCIA TECNOLOGIA INOVA,,1,2025-12
MT,MT,MINISTERIO DA AGRICULTURA E PECUARIA,,14,2025-12
MT,DF,MINISTERIO DA AGRICULTURA E PECUARIA,,3,2025-12
MT,BA,MINISTERIO DA AGRICULTURA E PECUARIA,,1,2025-12
MT,DF,MINISTERIO DA FAZENDA,FAZ,35,2025-12
MT,RJ,MINISTERIO DA FAZENDA,FAZ,1,2025-12
MT,DF,MINISTERIO DA PREVIDENCIA SOCIAL,,2,2025-12
MT,MT,MINISTERIO DA SAUDE,,93,2025-12
MT,GO,MINISTERIO DA SAUDE,,3,2025-12
MT,DF,MINISTERIO DA SAUDE,,1,2025-12
MT,DF,MINISTERIO DAS COMUNICACOES,,1,2025-12
MT,DF,MINISTERIO DO TRABALHO E EMPREGO,,14,2025-12
MT,RJ,SUPERINTENDENCIA DE SEGUROS PRIVADOS,,1,2025-12
MT,MT,UNIVERSIDADE FEDERAL DE MATO GROSSO,UNIV,307,2025-12
MT,MT,UNIVERSIDADE FEDERAL DE RONDONOPOLIS,UNIV,14,2025-12
PA,DF,ADVOCACIA-GERAL DA UNIAO,,22,2025-12
PA,DF,AGENCIA BRASILEIRA DE INTELIGENCIA,,4,2025-12
PA,DF,AGENCIA NAC. DE TRANSPORTES AQUAVIARIOS,,2,2025-12
PA,DF,AGENCIA NAC. DE TRANSPORTES TERRESTRES,,4,2025-12
PA,DF,AGENCIA NACIONAL DE AVIACAO CIVIL,,2,2025-12
PA,DF,AGENCIA NACIONAL DE MINERACAO,,11,2025-12
PA,RJ,AGENCIA NACIONAL DE SAUDE SUPLEMENTAR,,1,2025-12
PA,DF,AGENCIA NACIONAL DE TELECOMUNICACOES,,2,2025-12
PA,PA,AGENCIA NACIONAL DE VIGILANCIA SANITARIA,,7,2025-12
PA,DF,COMANDO DA AERONAUTICA,,123,2025-12
PA,PA,COMANDO DA MARINHA,,68,2025-12
PA,RJ,COMANDO DA MARINHA,,1,2025-12
PA,DF,COMANDO DO EXERCITO,,51,2025-12
PA,DF,CONTROLADORIA-GERAL DA UNIAO,,5,2025-12
PA,PA,DEPARTAMENTO DE POLICIA FEDERAL,,46,2025-12
PA,DF,DEPARTAMENTO DE POLICIA FEDERAL,,1,2025-12
PA,PA,DEPARTAMENTO NAC.DE INFRAEST. DE TRANSP.,,9,2025-12
PA,PA,DEPTO. DE POLICIA RODOVIARIA FEDERAL,,61,2025-12
PA,MA,DEPTO. DE POLICIA RODOVIARIA FEDERAL,,3,2025-12
PA,PA,FUND. INST. BRASIL. GEOG. E ESTATISTICA,,34,2025-12
PA,SP,FUND.JORGE DUPRAT FIG. SEG. MED.TRABALHO,,1,2025-12
PA,PA,FUNDACAO NACIONAL DE SAUDE,,61,2025-12
PA,DF,FUNDACAO NACIONAL DE SAUDE,,1,2025-12
PA,DF,FUNDACAO NACIONAL DOS POVOS INDIGENAS,,24,2025-12
PA,DF,INST. BR. MEIO AMB. REC. NAT. RENOVAVEIS,,29,2025-12
PA,DF,INSTITUTO CHICO MENDES CONSERV.BIODIVER.,,10,2025-12
PA,AM,INSTITUTO FEDERAL DO AMAZONAS,IF,1,2025-12
PA,PA,INSTITUTO FEDERAL DO PARA,IF,122,2025-12
PA,PA,INSTITUTO NAC. DE COLONIZ E REF AGRARIA,,67,2025-12
PA,GO,INSTITUTO NAC. DE COLONIZ E REF AGRARIA,,1,2025-12
PA,DF,INSTITUTO NACIONAL DE SEGURO SOCIAL,INSS,111,2025-12
PA,PE,INSTITUTO NACIONAL DE SEGURO SOCIAL,INSS,1,2025-12
PA,DF,MIN DA INTEG E DO DESENV REGIONAL,,10,2025-12
PA,DF,MIN GESTAO E INOV EM SERV PUBLICOS,,24,2025-12
PA,PA,MIN GESTAO E INOV EM SERV PUBLICOS,,2,2025-12
PA,PA,MINISTERIO CIENCIA TECNOLOGIA INOVA,,56,2025-12
PA,AM,MINISTERIO CIENCIA TECNOLOGIA INOVA,,2,2025-12
PA,RJ,MINISTERIO CIENCIA TECNOLOGIA INOVA,,1,2025-12
PA,DF,MINISTERIO DA AGRICULTURA E PECUARIA,,17,2025-12
PA,PA,MINISTERIO DA AGRICULTURA E PECUARIA,,63,2025-12
PA,BA,MINISTERIO DA AGRICULTURA E PECUARIA,,39,2025-12
PA,PA,MINISTERIO DA FAZENDA,FAZ,106,2025-12
PA,DF,MINISTERIO DA FAZENDA,FAZ,18,2025-12
PA,SP,MINISTERIO DA FAZENDA,FAZ,1,2025-12
PA,PR,MINISTERIO DA FAZENDA,FAZ,1,2025-12
PA,DF,MINISTERIO DA PREVIDENCIA SOCIAL,,10,2025-12
PA,PA,MINISTERIO DA SAUDE,,598,2025-12
PA,DF,MINISTERIO DA SAUDE,,3,2025-12
PA,AP,MINISTERIO DA SAUDE,,3,2025-12
PA,DF,MINISTERIO DAS CIDADES,,1,2025-12
PA,DF,MINISTERIO DAS COMUNICACOES,,1,2025-12
PA,DF,MINISTERIO DAS RELACOES EXTERIORES,,5,2025-12
PA,DF,MINISTERIO DE PORTOS E AEROPORTOS,,1,2025-12
PA,DF,MINISTERIO DO TRABALHO E EMPREGO,,58,2025-12
PA,PA,SUPERINTENDENCIA DO DESENV. DA AMAZONIA,,24,2025-12
PA,MS,UNIV. FEDERAL DE MATO GROSSO DO SUL,UNIV,1,2025-12
PA,PA,UNIVERSIDADE FED. SUL SUDESTE DO PARA,,7,2025-12
PA,PA,UNIVERSIDADE FEDERAL DO OESTE DO PARA,UNIV,31,2025-12
PA,PA,UNIVERSIDADE FEDERAL DO PARA,UNIV,779,2025-12
PA,RJ,UNIVERSIDADE FEDERAL FLUMINENSE,UNIV,3,2025-12
PA,PA,UNIVERSIDADE FEDERAL RURAL DA AMAZONIA,UNIV,132,2025-12
PB,DF,ADVOCACIA-GERAL DA UNIAO,,22,2025-12
PB,DF,AGENCIA BRASILEIRA DE INTELIGENCIA,,2,2025-12
PB,DF,AGENCIA NACIONAL DE MINERACAO,,1,2025-12
PB,PB,AGENCIA NACIONAL DE VIGILANCIA SANITARIA,,5,2025-12
PB,DF,AGENCIA NACIONAL DE VIGILANCIA SANITARIA,,1,2025-12
PB,DF,COMANDO DO EXERCITO,,10,2025-12
PB,DF,CONTROLADORIA-GERAL DA UNIAO,,2,2025-12
PB,PB,DEPARTAMENTO DE POLICIA FEDERAL,,61,2025-12
PB,PR,DEPARTAMENTO DE POLICIA FEDERAL,,1,2025-12
PB,AC,DEPARTAMENTO DE POLICIA FEDERAL,,1,2025-12
PB,DF,DEPARTAMENTO DE POLICIA FEDERAL,,1,2025-12
PB,PE,DEPARTAMENTO DE POLICIA FEDERAL,,1,2025-12
PB,PB,DEPARTAMENTO NAC.DE INFRAEST. DE TRANSP.,,6,2025-12
PB,RN,DEPARTAMENTO NAC.DE INFRAEST. DE TRANSP.,,1,2025-12
PB,PB,DEPTO. DE POLICIA RODOVIARIA FEDERAL,,35,2025-12
PB,PB,DEPTO. NACIONAL DE OBRAS CONTRA AS SECAS,,30,2025-12
PB,PE,FUND. INST. BRASIL. GEOG. E ESTATISTICA,,18,2025-12
PB,RO,FUND. UNIVERSIDADE FEDERAL DE RONDONIA,UNIV,1,2025-12
PB,PB,FUNDACAO NACIONAL DE SAUDE,,31,2025-12
PB,DF,FUNDACAO NACIONAL DOS POVOS INDIGENAS,,3,2025-12
PB,PE,FUNDACAO OSWALDO CRUZ,,1,2025-12
PB,DF,FUNDO NACIONAL DE DESENVOLV. DA EDUCACAO,,1,2025-12
PB,DF,INST. BR. MEIO AMB. REC. NAT. RENOVAVEIS,,13,2025-12
PB,DF,INSTITUTO CHICO MENDES CONSERV.BIODIVER.,,4,2025-12
PB,DF,INSTITUTO DE PESQUISA ECONOMICA APLICADA,,1,2025-12
PB,PB,INSTITUTO FEDERAL DA PARAIBA,,149,2025-12
PB,MT,INSTITUTO FEDERAL DE MATO GROSSO,IF,1,2025-12
PB,PE,INSTITUTO FEDERAL DE PERNAMBUCO,IF,2,2025-12
PB,PE,INSTITUTO FEDERAL DO SERTAO PERNAMBUCANO,IF,1,2025-12
PB,MG,INSTITUTO FEDERAL DO SUL DE MINAS GERAIS,IF,1,2025-12
PB,PB,INSTITUTO NAC. DE COLONIZ E REF AGRARIA,,12,2025-12
PB,PE,INSTITUTO NACIONAL DE SEGURO SOCIAL,INSS,103,2025-12
PB,DF,INSTITUTO NACIONAL DE SEGURO SOCIAL,INSS,1,2025-12
PB,DF,MIN GESTAO E INOV EM SERV PUBLICOS,,9,2025-12
PB,DF,MINISTERIO CIENCIA TECNOLOGIA INOVA,,2,2025-12
PB,PB,MINISTERIO DA AGRICULTURA E PECUARIA,,20,2025-12
PB,DF,MINISTERIO DA AGRICULTURA E PECUARIA,,1,2025-12
PB,PE,MINISTERIO DA FAZENDA,FAZ,49,2025-12
PB,DF,MINISTERIO DA FAZENDA,FAZ,11,2025-12
PB,PR,MINISTERIO DA FAZENDA,FAZ,1,2025-12
PB,MG,MINISTERIO DA FAZENDA,FAZ,1,2025-12
PB,RS,MINISTERIO DA FAZENDA,FAZ,1,2025-12
PB,DF,MINISTERIO DA PREVIDENCIA SOCIAL,,7,2025-12
PB,PB,MINISTERIO DA SAUDE,,275,2025-12
PB,DF,MINISTERIO DA SAUDE,,1,2025-12
PB,PE,MINISTERIO DA SAUDE,,3,2025-12
PB,DF,MINISTERIO DAS RELACOES EXTERIORES,,1,2025-12
PB,DF,MINISTERIO DO TRABALHO E EMPREGO,,43,2025-12
PB,RN,UNIVERSIDADE FED. DO RIO GRANDE DO NORTE,,2,2025-12
PB,PB,UNIVERSIDADE FEDERAL DA PARAIBA,UNIV,871,2025-12
PB,AL,UNIVERSIDADE FEDERAL DE ALAGOAS,UNIV,1,2025-12
PB,PB,UNIVERSIDADE FEDERAL DE CAMPINA GRANDE,UNIV,451,2025-12
PB,PE,UNIVERSIDADE FEDERAL DE PERNAMBUCO,UNIV,5,2025-12
PB,PA,UNIVERSIDADE FEDERAL DO PARA,UNIV,1,2025-12
PB,RJ,UNIVERSIDADE FEDERAL DO RIO DE JANEIRO,UNIV,1,2025-12
PE,DF,ADVOCACIA-GERAL DA UNIAO,,44,2025-12
PE,DF,AGENCIA BRASILEIRA DE INTELIGENCIA,,3,2025-12
PE,DF,AGENCIA NAC. DE TRANSPORTES TERRESTRES,,1,2025-12
PE,DF,AGENCIA NACIONAL DE AVIACAO CIVIL,,4,2025-12
PE,DF,AGENCIA NACIONAL DE MINERACAO,,14,2025-12
PE,RJ,AGENCIA NACIONAL DE SAUDE SUPLEMENTAR,,1,2025-12
PE,DF,AGENCIA NACIONAL DE TELECOMUNICACOES,,1,2025-12
PE,PE,AGENCIA NACIONAL DE VIGILANCIA SANITARIA,,10,2025-12
PE,DF,COMANDO DA AERONAUTICA,,60,2025-12
PE,PE,COMANDO DA MARINHA,,7,2025-12
PE,DF,COMANDO DO EXERCITO,,67,2025-12
PE,PE,COMISSAO NACIONAL DE ENERGIA NUCLEAR,,7,2025-12
PE,DF,CONTROLADORIA-GERAL DA UNIAO,,8,2025-12
PE,PE,DEPARTAMENTO DE POLICIA FEDERAL,,75,2025-12
PE,BA,DEPARTAMENTO DE POLICIA FEDERAL,,2,2025-12
PE,DF,DEPARTAMENTO DE POLICIA FEDERAL,,1,2025-12
PE,PE,DEPARTAMENTO NAC.DE INFRAEST. DE TRANSP.,,8,2025-12
PE,PE,DEPTO. DE POLICIA RODOVIARIA FEDERAL,,55,2025-12
PE,RS,DEPTO. DE POLICIA RODOVIARIA FEDERAL,,1,2025-12
PE,PE,DEPTO. NACIONAL DE OBRAS CONTRA AS SECAS,,17,2025-12
PE,DF,FUND COORD APERF PESSOAL NIVEL SUPERIOR,,1,2025-12
PE,PE,FUND. INST. BRASIL. GEOG. E ESTATISTICA,,36,2025-12
PE,RJ,FUND. INST. BRASIL. GEOG. E ESTATISTICA,,1,2025-12
PE,SP,FUND.JORGE DUPRAT FIG. SEG. MED.TRABALHO,,2,2025-12
PE,PE,FUND.UNIV.FED.DO VALE DO SAO FRANCISCO,,9,2025-12
PE,PE,FUNDACAO JOAQUIM NABUCO,,70,2025-12
PE,DF,FUNDACAO NACIONAL DE SAUDE,,2,2025-12
PE,BA,FUNDACAO NACIONAL DE SAUDE,,2,2025-12
PE,PE,FUNDACAO NACIONAL DE SAUDE,,40,2025-12
PE,DF,FUNDACAO NACIONAL DOS POVOS INDIGENAS,,32,2025-12
PE,PE,FUNDACAO OSWALDO CRUZ,,36,2025-12
PE,DF,INST. BR. MEIO AMB. REC. NAT. RENOVAVEIS,,28,2025-12
PE,DF,INSTITUTO CHICO MENDES CONSERV.BIODIVER.,,12,2025-12
PE,DF,INSTITUTO DO PATR.HIST.E ART. NACIONAL,,7,2025-12
PE,AL,INSTITUTO FEDERAL DE ALAGOAS,IF,2,2025-12
PE,PE,INSTITUTO FEDERAL DE PERNAMBUCO,IF,213,2025-12
PE,AM,INSTITUTO FEDERAL DO AMAZONAS,IF,1,2025-12
PE,PE,INSTITUTO FEDERAL DO SERTAO PERNAMBUCANO,IF,46,2025-12
PE,TO,INSTITUTO FEDERAL DO TOCANTINS,IF,1,2025-12
PE,RJ,INSTITUTO NAC. DA PROPRIEDADE INDUSTRIAL,,1,2025-12
PE,PE,INSTITUTO NAC. DE COLONIZ E REF AGRARIA,,34,2025-12
PE,PE,INSTITUTO NACIONAL DE SEGURO SOCIAL,INSS,160,2025-12
PE,DF,MIN DA INTEG E DO DESENV REGIONAL,,4,2025-12
PE,DF,MIN DESENVOLV IND COMERCIO E SERVICOS,,1,2025-12
PE,PE,MIN GESTAO E INOV EM SERV PUBLICOS,,6,2025-12
PE,DF,MIN GESTAO E INOV EM SERV PUBLICOS,,38,2025-12
PE,PE,MINISTERIO CIENCIA TECNOLOGIA INOVA,,1,2025-12
PE,DF,MINISTERIO CIENCIA TECNOLOGIA INOVA,,1,2025-12
PE,PE,MINISTERIO DA AGRICULTURA E PECUARIA,,60,2025-12
PE,DF,MINISTERIO DA AGRICULTURA E PECUARIA,,5,2025-12
PE,PB,MINISTERIO DA AGRICULTURA E PECUARIA,,1,2025-12
PE,SP,MINISTERIO DA AGRICULTURA E PECUARIA,,1,2025-12
PE,DF,MINISTERIO DA CULTURA,,1,2025-12
PE,DF,MINISTERIO DA EDUCACAO,,1,2025-12
PE,PE,MINISTERIO DA FAZENDA,FAZ,129,2025-12
PE,MG,MINISTERIO DA FAZENDA,FAZ,1,2025-12
PE,PR,MINISTERIO DA FAZENDA,FAZ,1,2025-12
PE,DF,MINISTERIO DA FAZENDA,FAZ,30,2025-12
PE,SP,MINISTERIO DA FAZENDA,FAZ,1,2025-12
PE,DF,MINISTERIO DA PREVIDENCIA SOCIAL,,8,2025-12
PE,PE,MINISTERIO DA SAUDE,,571,2025-12
PE,BA,MINISTERIO DA SAUDE,,3,2025-12
PE,AL,MINISTERIO DA SAUDE,,1,2025-12
PE,DF,MINISTERIO DAS COMUNICACOES,,4,2025-12
PE,DF,MINISTERIO DE MINAS E ENERGIA,,1,2025-12
PE,DF,MINISTERIO DE PORTOS E AEROPORTOS,,1,2025-12
PE,DF,MINISTERIO DO TRABALHO E EMPREGO,,51,2025-12
PE,DF,MINISTERIO DOS TRANSPORTES,,2,2025-12
PE,PE,SUPERINTENDENCIA DO DESENV. DO NORDESTE,,67,2025-12
PE,PE,UNIVER. FEDERAL DO AGRESTE DE PERNAMBUCO,,3,2025-12
PE,PB,UNIVERSIDADE FEDERAL DA PARAIBA,UNIV,3,2025-12
PE,PE,UNIVERSIDADE FEDERAL DE PERNAMBUCO,UNIV,1060,2025-12
PE,PE,UNIVERSIDADE FEDERAL RURAL DE PERNAMBUCO,UNIV,284,2025-12
PI,DF,ADVOCACIA-GERAL DA UNIAO,,10,2025-12
PI,DF,AGENCIA BRASILEIRA DE INTELIGENCIA,,1,2025-12
PI,DF,AGENCIA NACIONAL DE MINERACAO,,3,2025-12
PI,DF,AGENCIA NACIONAL DE TELECOMUNICACOES,,1,2025-12
PI,PI,AGENCIA NACIONAL DE VIGILANCIA SANITARIA,,2,2025-12
PI,DF,COMANDO DO EXERCITO,,33,2025-12
PI,DF,CONTROLADORIA-GERAL DA UNIAO,,8,2025-12
PI,PI,DEPARTAMENTO DE POLICIA FEDERAL,,41,2025-12
PI,MA,DEPARTAMENTO DE POLICIA FEDERAL,,1,2025-12
PI,PI,DEPARTAMENTO NAC.DE INFRAEST. DE TRANSP.,,8,2025-12
PI,MA,DEPARTAMENTO NAC.DE INFRAEST. DE TRANSP.,,1,2025-12
PI,PI,DEPTO. DE POLICIA RODOVIARIA FEDERAL,,50,2025-12
PI,MA,DEPTO. DE POLICIA RODOVIARIA FEDERAL,,3,2025-12
PI,PI,DEPTO. NACIONAL DE OBRAS CONTRA AS SECAS,,60,2025-12
PI,CE,FUND. INST. BRASIL. GEOG. E ESTATISTICA,,19,2025-12
PI,RO,FUND. UNIVERSIDADE FEDERAL DE RONDONIA,UNIV,1,2025-12
PI,PE,FUND.UNIV.FED.DO VALE DO SAO FRANCISCO,,2,2025-12
PI,PI,FUNDACAO NACIONAL DE SAUDE,,23,2025-12
PI,DF,FUNDACAO NACIONAL DOS POVOS INDIGENAS,,1,2025-12
PI,MA,FUNDACAO UNIVERSIDADE DO MARANHAO,UNIV,1,2025-12
PI,DF,INST. BR. MEIO AMB. REC. NAT. RENOVAVEIS,,17,2025-12
PI,DF,INSTITUTO CHICO MENDES CONSERV.BIODIVER.,,3,2025-12
PI,MA,INSTITUTO FEDERAL DO MARANHAO,IF,2,2025-12
PI,PI,INSTITUTO FEDERAL DO PIAUI,IF,71,2025-12
PI,PI,INSTITUTO NAC. DE COLONIZ E REF AGRARIA,,18,2025-12
PI,PE,INSTITUTO NACIONAL DE SEGURO SOCIAL,INSS,87,2025-12
PI,DF,MIN GESTAO E INOV EM SERV PUBLICOS,,7,2025-12
PI,PI,MIN GESTAO E INOV EM SERV PUBLICOS,,1,2025-12
PI,PI,MINISTERIO DA AGRICULTURA E PECUARIA,,15,2025-12
PI,DF,MINISTERIO DA AGRICULTURA E PECUARIA,,5,2025-12
PI,CE,MINISTERIO DA FAZENDA,FAZ,24,2025-12
PI,DF,MINISTERIO DA FAZENDA,FAZ,9,2025-12
PI,PR,MINISTERIO DA FAZENDA,FAZ,1,2025-12
PI,SP,MINISTERIO DA FAZENDA,FAZ,1,2025-12
PI,DF,MINISTERIO DA PREVIDENCIA SOCIAL,,1,2025-12
PI,PI,MINISTERIO DA SAUDE,,223,2025-12
PI,MA,MINISTERIO DA SAUDE,,2,2025-12
PI,RO,MINISTERIO DA SAUDE,,1,2025-12
PI,DF,MINISTERIO DAS COMUNICACOES,,1,2025-12
PI,DF,MINISTERIO DO TRABALHO E EMPREGO,,22,2025-12
PI,PI,UNIV. FEDERAL DO DELTA DO PARNAIBA,UNIV,9,2025-12
PI,PI,UNIVERSIDADE FEDERAL DO PIAUI,UNIV,381,2025-12
PR,DF,ADVOCACIA-GERAL DA UNIAO,,26,2025-12
PR,DF,AGENCIA BRASILEIRA DE INTELIGENCIA,,5,2025-12
PR,RJ,AGENCIA NAC PETROLEO GAS NAT BIOCOMBUSTI,,1,2025-12
PR,DF,AGENCIA NAC. DE TRANSPORTES AQUAVIARIOS,,2,2025-12
PR,DF,AGENCIA NAC. DE TRANSPORTES TERRESTRES,,3,2025-12
PR,DF,AGENCIA NACIONAL DE AVIACAO CIVIL,,2,2025-12
PR,DF,AGENCIA NACIONAL DE MINERACAO,,3,2025-12
PR,DF,AGENCIA NACIONAL DE TELECOMUNICACOES,,12,2025-12
PR,PR,AGENCIA NACIONAL DE VIGILANCIA SANITARIA,,14,2025-12
PR,DF,COMANDO DA AERONAUTICA,,3,2025-12
PR,PR,COMANDO DA MARINHA,,3,2025-12
PR,DF,COMANDO DO EXERCITO,,16,2025-12
PR,DF,CONSELHO NAC.DE DESEN.CIEN.E TECNOLOGICO,,1,2025-12
PR,DF,CONTROLADORIA-GERAL DA UNIAO,,6,2025-12
PR,PR,DEPARTAMENTO DE POLICIA FEDERAL,,120,2025-12
PR,SP,DEPARTAMENTO DE POLICIA FEDERAL,,2,2025-12
PR,DF,DEPARTAMENTO DE POLICIA FEDERAL,,2,2025-12
PR,SC,DEPARTAMENTO NAC.DE INFRAEST. DE TRANSP.,,1,2025-12
PR,PR,DEPARTAMENTO NAC.DE INFRAEST. DE TRANSP.,,13,2025-12
PR,PR,DEPTO. DE POLICIA RODOVIARIA FEDERAL,,69,2025-12
PR,SC,DEPTO. DE POLICIA RODOVIARIA FEDERAL,,1,2025-12
PR,DF,FUND COORD APERF PESSOAL NIVEL SUPERIOR,,1,2025-12
PR,PR,FUND. INST. BRASIL. GEOG. E ESTATISTICA,,22,2025-12
PR,SP,FUND.JORGE DUPRAT FIG. SEG. MED.TRABALHO,,1,2025-12
PR,PR,FUNDACAO NACIONAL DE SAUDE,,9,2025-12
PR,DF,FUNDACAO NACIONAL DE SAUDE,,1,2025-12
PR,DF,FUNDACAO NACIONAL DOS POVOS INDIGENAS,,5,2025-12
PR,RJ,FUNDACAO OSWALDO CRUZ,,3,2025-12
PR,DF,FUNDO NACIONAL DE DESENVOLV. DA EDUCACAO,,1,2025-12
PR,DF,INST. BR. MEIO AMB. REC. NAT. RENOVAVEIS,,11,2025-12
PR,DF,INSTITUTO CHICO MENDES CONSERV.BIODIVER.,,4,2025-12
PR,DF,INSTITUTO DO PATR.HIST.E ART. NACIONAL,,2,2025-12
PR,SC,INSTITUTO FEDERAL CATARINENSE,,1,2025-12
PR,SP,INSTITUTO FEDERAL DE SAO PAULO,IF,1,2025-12
PR,AM,INSTITUTO FEDERAL DO AMAZONAS,IF,1,2025-12
PR,PR,INSTITUTO FEDERAL DO PARANA,IF,44,2025-12
PR,PR,INSTITUTO NAC. DE COLONIZ E REF AGRARIA,,11,2025-12
PR,SC,INSTITUTO NACIONAL DE SEGURO SOCIAL,INSS,87,2025-12
PR,SP,INSTITUTO NACIONAL DE SEGURO SOCIAL,INSS,1,2025-12
PR,DF,INSTITUTO NACIONAL DE SEGURO SOCIAL,INSS,2,2025-12
PR,PR,MIN GESTAO E INOV EM SERV PUBLICOS,,1,2025-12
PR,DF,MIN GESTAO E INOV EM SERV PUBLICOS,,10,2025-12
PR,DF,MINIST. DA JUSTICA E SEGURANCA PUBLICA,,4,2025-12
PR,PR,MINISTERIO DA AGRICULTURA E PECUARIA,,46,2025-12
PR,DF,MINISTERIO DA AGRICULTURA E PECUARIA,,2,2025-12
PR,DF,MINISTERIO DA FAZENDA,FAZ,23,2025-12
PR,PR,MINISTERIO DA FAZENDA,FAZ,259,2025-12
PR,SP,MINISTERIO DA FAZENDA,FAZ,8,2025-12
PR,PA,MINISTERIO DA FAZENDA,FAZ,1,2025-12
PR,DF,MINISTERIO DA PREVIDENCIA SOCIAL,,9,2025-12
PR,PR,MINISTERIO DA SAUDE,,112,2025-12
PR,AP,MINISTERIO DA SAUDE,,1,2025-12
PR,DF,MINISTERIO DAS COMUNICACOES,,1,2025-12
PR,DF,MINISTERIO DAS RELACOES EXTERIORES,,2,2025-12
PR,DF,MINISTERIO DO TRABALHO E EMPREGO,,24,2025-12
PR,DF,MINISTERIO DOS TRANSPORTES,,1,2025-12
PR,RJ,SUPERINTENDENCIA DE SEGUROS PRIVADOS,,1,2025-12
PR,PR,UNIV.FED. DA INTEGRACAO LATINO-AMERICANA,,7,2025-12
PR,PR,UNIVERS. TECNOLOGICA FEDERAL DO PARANA,,234,2025-12
PR,RS,UNIVERSIDADE FED. DO RIO GRANDE DO SUL,,1,2025-12
PR,SC,UNIVERSIDADE FEDERAL DA FRONTEIRA SUL,UNIV,5,2025-12
PR,PR,UNIVERSIDADE FEDERAL DO PARANA,UNIV,544,2025-12
RJ,DF,ADVOCACIA-GERAL DA UNIAO,,148,2025-12
RJ,DF,AGENCIA BRASILEIRA DE INTELIGENCIA,,5,2025-12
RJ,RJ,AGENCIA NAC PETROLEO GAS NAT BIOCOMBUSTI,,29,2025-12
RJ,DF,AGENCIA NAC. DE TRANSPORTES AQUAVIARIOS,,5,2025-12
RJ,DF,AGENCIA NAC. DE TRANSPORTES TERRESTRES,,7,2025-12
RJ,DF,AGENCIA NACIONAL DE AGUAS,,1,2025-12
RJ,DF,AGENCIA NACIONAL DE AVIACAO CIVIL,,22,2025-12
RJ,DF,AGENCIA NACIONAL DE MINERACAO,,11,2025-12
RJ,RJ,AGENCIA NACIONAL DE SAUDE SUPLEMENTAR,,16,2025-12
RJ,DF,AGENCIA NACIONAL DE TELECOMUNICACOES,,6,2025-12
RJ,RJ,AGENCIA NACIONAL DE VIGILANCIA SANITARIA,,14,2025-12
RJ,DF,AGENCIA NACIONAL DE VIGILANCIA SANITARIA,,1,2025-12
RJ,RJ,AGENCIA NACIONAL DO CINEMA,,10,2025-12
RJ,RJ,CENTRO FED.EDUC.TECNOL.CELSO S. FONSECA,,112,2025-12
RJ,RJ,COLEGIO PEDRO II,IF,209,2025-12
RJ,RJ,COMANDO DA AERONAUTICA,,226,2025-12
RJ,DF,COMANDO DA AERONAUTICA,,65,2025-12
RJ,RJ,COMANDO DA MARINHA,,930,2025-12
RJ,DF,COMANDO DO EXERCITO,,253,2025-12
RJ,RJ,COMISSAO DE VALORES MOBILIARIOS,,37,2025-12
RJ,RJ,COMISSAO NACIONAL DE ENERGIA NUCLEAR,,220,2025-12
RJ,DF,CONTROLADORIA-GERAL DA UNIAO,,6,2025-12
RJ,RJ,DEPARTAMENTO DE POLICIA FEDERAL,,196,2025-12
RJ,DF,DEPARTAMENTO DE POLICIA FEDERAL,,4,2025-12
RJ,RJ,DEPARTAMENTO NAC.DE INFRAEST. DE TRANSP.,,38,2025-12
RJ,DF,DEPARTAMENTO NAC.DE INFRAEST. DE TRANSP.,,1,2025-12
RJ,RJ,DEPTO. DE POLICIA RODOVIARIA FEDERAL,,63,2025-12
RJ,ES,DEPTO. DE POLICIA RODOVIARIA FEDERAL,,2,2025-12
RJ,RJ,FUND. INST. BRASIL. GEOG. E ESTATISTICA,,355,2025-12
RJ,SP,FUND.JORGE DUPRAT FIG. SEG. MED.TRABALHO,,3,2025-12
RJ,DF,FUNDACAO ALEXANDRE DE GUSMAO,,1,2025-12
RJ,RJ,FUNDACAO BIBLIOTECA NACIONAL,,58,2025-12
RJ,RJ,FUNDACAO CASA DE RUI BARBOSA,,21,2025-12
RJ,RJ,FUNDACAO NACIONAL DE ARTES,,45,2025-12
RJ,RJ,FUNDACAO NACIONAL DE SAUDE,,14,2025-12
RJ,DF,FUNDACAO NACIONAL DE SAUDE,,1,2025-12
RJ,DF,FUNDACAO NACIONAL DOS POVOS INDIGENAS,,5,2025-12
RJ,RJ,FUNDACAO OSORIO,,10,2025-12
RJ,RJ,FUNDACAO OSWALDO CRUZ,,920,2025-12
RJ,BA,FUNDACAO OSWALDO CRUZ,,1,2025-12
RJ,MG,FUNDACAO UNIV. FEDERAL DE OURO PRETO,UNIV,1,2025-12
RJ,DF,FUNDO NACIONAL DE DESENVOLV. DA EDUCACAO,,1,2025-12
RJ,DF,INST. BR. MEIO AMB. REC. NAT. RENOVAVEIS,,10,2025-12
RJ,RJ,"INST.NAC.METROLOGIA,NORM.E QUAL.INDL.",,67,2025-12
RJ,DF,INST.NACIONAL DE EST.E PESQ.EDUCACIONAIS,,1,2025-12
RJ,DF,INSTITUTO BRASILEIRO DE MUSEUS,,50,2025-12
RJ,DF,INSTITUTO CHICO MENDES CONSERV.BIODIVER.,,20,2025-12
RJ,RJ,INSTITUTO DE PESQ. JARDIM BOTANICO DO RJ,,23,2025-12
RJ,DF,INSTITUTO DE PESQUISA ECONOMICA APLICADA,,10,2025-12
RJ,DF,INSTITUTO DO PATR.HIST.E ART. NACIONAL,,44,2025-12
RJ,PR,INSTITUTO FEDERAL DO PARANA,IF,1,2025-12
RJ,RJ,INSTITUTO FEDERAL DO RIO DE JANEIRO,IF,93,2025-12
RJ,RN,INSTITUTO FEDERAL DO RIO GRANDE DO NORTE,IF,1,2025-12
RJ,RJ,INSTITUTO FEDERAL FLUMINENSE,,100,2025-12
RJ,RJ,INSTITUTO NAC. DA PROPRIEDADE INDUSTRIAL,,56,2025-12
RJ,RJ,INSTITUTO NAC. DE COLONIZ E REF AGRARIA,,10,2025-12
RJ,RJ,INSTITUTO NACIONAL DE SEGURO SOCIAL,INSS,458,2025-12
RJ,MG,INSTITUTO NACIONAL DE SEGURO SOCIAL,INSS,1,2025-12
RJ,DF,INSTITUTO NACIONAL DE SEGURO SOCIAL,INSS,1,2025-12
RJ,DF,MIN DESENVOLV IND COMERCIO E SERVICOS,,1,2025-12
RJ,DF,MIN GESTAO E INOV EM SERV PUBLICOS,,253,2025-12
RJ,RJ,MIN GESTAO E INOV EM SERV PUBLICOS,,18,2025-12
RJ,DF,MINIST. DA JUSTICA E SEGURANCA PUBLICA,,2,2025-12
RJ,RJ,MINISTERIO CIENCIA TECNOLOGIA INOVA,,125,2025-12
RJ,AM,MINISTERIO CIENCIA TECNOLOGIA INOVA,,1,2025-12
RJ,DF,MINISTERIO CIENCIA TECNOLOGIA INOVA,,10,2025-12
RJ,RJ,MINISTERIO DA AGRICULTURA E PECUARIA,,35,2025-12
RJ,DF,MINISTERIO DA AGRICULTURA E PECUARIA,,10,2025-12
RJ,DF,MINISTERIO DA CULTURA,,14,2025-12
RJ,RJ,MINISTERIO DA DEFESA,,3,2025-12
RJ,RJ,MINISTERIO DA EDUCACAO,,48,2025-12
RJ,DF,MINISTERIO DA EDUCACAO,,5,2025-12
RJ,RJ,MINISTERIO DA FAZENDA,FAZ,427,2025-12
RJ,DF,MINISTERIO DA FAZENDA,FAZ,58,2025-12
RJ,SP,MINISTERIO DA FAZENDA,FAZ,5,2025-12
RJ,MG,MINISTERIO DA FAZENDA,FAZ,2,2025-12
RJ,PR,MINISTERIO DA FAZENDA,FAZ,1,2025-12
RJ,DF,MINISTERIO DA PESCA E AQUICULTURA,,2,2025-12
RJ,DF,MINISTERIO DA PREVIDENCIA SOCIAL,,23,2025-12
RJ,RJ,MINISTERIO DA SAUDE,,2732,2025-12
RJ,DF,MINISTERIO DA SAUDE,,5,2025-12
RJ,DF,MINISTERIO DAS COMUNICACOES,,1,2025-12
RJ,DF,MINISTERIO DAS RELACOES EXTERIORES,,17,2025-12
RJ,DF,MINISTERIO DE PORTOS E AEROPORTOS,,12,2025-12
RJ,DF,MINISTERIO DO ESPORTE,,1,2025-12
RJ,DF,MINISTERIO DO PLANEJAMENTO E ORCAMENTO,,1,2025-12
RJ,DF,MINISTERIO DO TRABALHO E EMPREGO,,104,2025-12
RJ,DF,MINISTERIO DOS TRANSPORTES,,10,2025-12
RJ,RJ,SUPERINTENDENCIA DE SEGUROS PRIVADOS,,26,2025-12
RJ,AM,SUPERINTENDENCIA ZONA FRANCA DE MANAUS,,1,2025-12
RJ,MG,UNI.FED.VALES DO JEQUITINHONHA E MUCURI,,1,2025-12
RJ,RJ,UNIV. FEDERAL RURAL DO RIO DE JANEIRO,UNIV,345,2025-12
RJ,RJ,UNIVERSIDADE DO RIO DE JANEIRO,,244,2025-12
RJ,BA,UNIVERSIDADE FEDERAL DA BAHIA,UNIV,1,2025-12
RJ,PB,UNIVERSIDADE FEDERAL DA PARAIBA,UNIV,1,2025-12
RJ,MG,UNIVERSIDADE FEDERAL DE JUIZ DE FORA,UNIV,2,2025-12
RJ,ES,UNIVERSIDADE FEDERAL DO ESPIRITO SANTO,UNIV,3,2025-12
RJ,RJ,UNIVERSIDADE FEDERAL DO RIO DE JANEIRO,UNIV,2456,2025-12
RJ,BA,UNIVERSIDADE FEDERAL DO SUL DA BAHIA,UNIV,1,2025-12
RJ,RJ,UNIVERSIDADE FEDERAL FLUMINENSE,UNIV,966,2025-12
RN,DF,ADVOCACIA-GERAL DA UNIAO,,15,2025-12
RN,RJ,AGENCIA NAC PETROLEO GAS NAT BIOCOMBUSTI,,1,2025-12
RN,DF,AGENCIA NACIONAL DE MINERACAO,,3,2025-12
RN,DF,AGENCIA NACIONAL DE TELECOMUNICACOES,,1,2025-12
RN,RN,AGENCIA NACIONAL DE VIGILANCIA SANITARIA,,5,2025-12
RN,DF,COMANDO DA AERONAUTICA,,48,2025-12
RN,RN,COMANDO DA MARINHA,,11,2025-12
RN,RJ,COMANDO DA MARINHA,,1,2025-12
RN,DF,COMANDO DO EXERCITO,,24,2025-12
RN,DF,CONTROLADORIA-GERAL DA UNIAO,,3,2025-12
RN,RN,DEPARTAMENTO DE POLICIA FEDERAL,,44,2025-12
RN,MT,DEPARTAMENTO DE POLICIA FEDERAL,,1,2025-12
RN,MA,DEPARTAMENTO DE POLICIA FEDERAL,,1,2025-12
RN,RO,DEPARTAMENTO DE POLICIA FEDERAL,,1,2025-12
RN,RN,DEPARTAMENTO NAC.DE INFRAEST. DE TRANSP.,,4,2025-12
RN,RN,DEPTO. DE POLICIA RODOVIARIA FEDERAL,,45,2025-12
RN,RN,DEPTO. NACIONAL DE OBRAS CONTRA AS SECAS,,6,2025-12
RN,PE,FUND. INST. BRASIL. GEOG. E ESTATISTICA,,29,2025-12
RN,RO,FUND. UNIVERSIDADE FEDERAL DE RONDONIA,UNIV,1,2025-12
RN,RN,FUNDACAO NACIONAL DE SAUDE,,16,2025-12
RN,RJ,FUNDACAO OSWALDO CRUZ,,1,2025-12
RN,DF,INST. BR. MEIO AMB. REC. NAT. RENOVAVEIS,,11,2025-12
RN,DF,INSTITUTO CHICO MENDES CONSERV.BIODIVER.,,5,2025-12
RN,RN,INSTITUTO FEDERAL DO RIO GRANDE DO NORTE,IF,119,2025-12
RN,RN,INSTITUTO NAC. DE COLONIZ E REF AGRARIA,,12,2025-12
RN,PE,INSTITUTO NACIONAL DE SEGURO SOCIAL,INSS,63,2025-12
RN,DF,MIN GESTAO E INOV EM SERV PUBLICOS,,11,2025-12
RN,DF,MINIST. DA JUSTICA E SEGURANCA PUBLICA,,4,2025-12
RN,SP,MINISTERIO CIENCIA TECNOLOGIA INOVA,,6,2025-12
RN,DF,MINISTERIO DA AGRICULTURA E PECUARIA,,3,2025-12
RN,RN,MINISTERIO DA AGRICULTURA E PECUARIA,,12,2025-12
RN,DF,MINISTERIO DA FAZENDA,FAZ,8,2025-12
RN,PE,MINISTERIO DA FAZENDA,FAZ,43,2025-12
RN,CE,MINISTERIO DA FAZENDA,FAZ,1,2025-12
RN,DF,MINISTERIO DA PREVIDENCIA SOCIAL,,9,2025-12
RN,RN,MINISTERIO DA SAUDE,,186,2025-12
RN,DF,MINISTERIO DAS CIDADES,,2,2025-12
RN,DF,MINISTERIO DO TRABALHO E EMPREGO,,25,2025-12
RN,RJ,SUPERINTENDENCIA DE SEGUROS PRIVADOS,,1,2025-12
RN,RN,UNIVERSIDADE FED. DO RIO GRANDE DO NORTE,,830,2025-12
RN,RN,UNIVERSIDADE FED. RURAL DO SEMI-ARIDO,,24,2025-12
RN,PB,UNIVERSIDADE FEDERAL DA PARAIBA,UNIV,2,2025-12
RN,PB,UNIVERSIDADE FEDERAL DE CAMPINA GRANDE,UNIV,1,2025-12
RN,RS,UNIVERSIDADE FEDERAL DE SANTA MARIA,UNIV,1,2025-12
RN,RJ,UNIVERSIDADE FEDERAL DO RIO DE JANEIRO,UNIV,2,2025-12
RO,DF,ADVOCACIA-GERAL DA UNIAO,,9,2025-12
RO,DF,AGENCIA NACIONAL DE MINERACAO,,3,2025-12
RO,DF,AGENCIA NACIONAL DE TELECOMUNICACOES,,2,2025-12
RO,RO,AGENCIA NACIONAL DE VIGILANCIA SANITARIA,,3,2025-12
RO,DF,COMANDO DA AERONAUTICA,,1,2025-12
RO,DF,COMANDO DO EXERCITO,,36,2025-12
RO,DF,CONTROLADORIA-GERAL DA UNIAO,,2,2025-12
RO,RO,DEPARTAMENTO DE POLICIA FEDERAL,,34,2025-12
RO,MS,DEPARTAMENTO DE POLICIA FEDERAL,,1,2025-12
RO,RO,DEPARTAMENTO NAC.DE INFRAEST. DE TRANSP.,,5,2025-12
RO,RO,DEPTO. DE POLICIA RODOVIARIA FEDERAL,,43,2025-12
RO,BA,DEPTO. DE POLICIA RODOVIARIA FEDERAL,,1,2025-12
RO,DF,FUND. INST. BRASIL. GEOG. E ESTATISTICA,,7,2025-12
RO,RO,FUND. UNIVERSIDADE FEDERAL DE RONDONIA,UNIV,125,2025-12
RO,RO,FUNDACAO NACIONAL DE SAUDE,,23,2025-12
RO,DF,FUNDACAO NACIONAL DOS POVOS INDIGENAS,,23,2025-12
RO,RJ,FUNDACAO OSWALDO CRUZ,,1,2025-12
RO,DF,INST. BR. MEIO AMB. REC. NAT. RENOVAVEIS,,20,2025-12
RO,RJ,"INST.NAC.METROLOGIA,NORM.E QUAL.INDL.",,2,2025-12
RO,DF,INSTITUTO CHICO MENDES CONSERV.BIODIVER.,,3,2025-12
RO,RO,INSTITUTO FEDERAL DE RONDONIA,IF,17,2025-12
RO,RO,INSTITUTO NAC. DE COLONIZ E REF AGRARIA,,43,2025-12
RO,DF,INSTITUTO NACIONAL DE SEGURO SOCIAL,INSS,37,2025-12
RO,DF,MIN GESTAO E INOV EM SERV PUBLICOS,,3,2025-12
RO,AM,MINISTERIO CIENCIA TECNOLOGIA INOVA,,1,2025-12
RO,RO,MINISTERIO DA AGRICULTURA E PECUARIA,,26,2025-12
RO,DF,MINISTERIO DA AGRICULTURA E PECUARIA,,2,2025-12
RO,BA,MINISTERIO DA AGRICULTURA E PECUARIA,,7,2025-12
RO,PA,MINISTERIO DA FAZENDA,FAZ,45,2025-12
RO,DF,MINISTERIO DA FAZENDA,FAZ,28,2025-12
RO,DF,MINISTERIO DA PESCA E AQUICULTURA,,1,2025-12
RO,RO,MINISTERIO DA SAUDE,,90,2025-12
RO,DF,MINISTERIO DO TRABALHO E EMPREGO,,24,2025-12
RO,AM,SUPERINTENDENCIA ZONA FRANCA DE MANAUS,,7,2025-12
RR,DF,ADVOCACIA-GERAL DA UNIAO,,8,2025-12
RR,DF,AGENCIA BRASILEIRA DE INTELIGENCIA,,1,2025-12
RR,DF,AGENCIA NACIONAL DE MINERACAO,,2,2025-12
RR,RR,AGENCIA NACIONAL DE VIGILANCIA SANITARIA,,5,2025-12
RR,DF,COMANDO DO EXERCITO,,13,2025-12
RR,DF,CONTROLADORIA-GERAL DA UNIAO,,1,2025-12
RR,RR,DEPARTAMENTO DE POLICIA FEDERAL,,22,2025-12
RR,PR,DEPARTAMENTO DE POLICIA FEDERAL,,1,2025-12
RR,RR,DEPARTAMENTO NAC.DE INFRAEST. DE TRANSP.,,1,2025-12
RR,RR,DEPTO. DE POLICIA RODOVIARIA FEDERAL,,7,2025-12
RR,PA,DEPTO. DE POLICIA RODOVIARIA FEDERAL,,1,2025-12
RR,PA,FUND. INST. BRASIL. GEOG. E ESTATISTICA,,1,2025-12
RR,RR,FUNDACAO NACIONAL DE SAUDE,,15,2025-12
RR,DF,FUNDACAO NACIONAL DOS POVOS INDIGENAS,,12,2025-12
RR,DF,INST. BR. MEIO AMB. REC. NAT. RENOVAVEIS,,7,2025-12
RR,RR,INSTITUTO FEDERAL DE RORAIMA,IF,41,2025-12
RR,RR,INSTITUTO NAC. DE COLONIZ E REF AGRARIA,,18,2025-12
RR,DF,INSTITUTO NACIONAL DE SEGURO SOCIAL,INSS,19,2025-12
RR,DF,MIN GESTAO E INOV EM SERV PUBLICOS,,16,2025-12
RR,RR,MINISTERIO DA AGRICULTURA E PECUARIA,,36,2025-12
RR,DF,MINISTERIO DA AGRICULTURA E PECUARIA,,2,2025-12
RR,MA,MINISTERIO DA AGRICULTURA E PECUARIA,,1,2025-12
RR,PA,MINISTERIO DA FAZENDA,FAZ,40,2025-12
RR,DF,MINISTERIO DA FAZENDA,FAZ,14,2025-12
RR,PE,MINISTERIO DA FAZENDA,FAZ,1,2025-12
RR,DF,MINISTERIO DA PESCA E AQUICULTURA,,1,2025-12
RR,RR,MINISTERIO DA SAUDE,,77,2025-12
RR,DF,MINISTERIO DAS COMUNICACOES,,1,2025-12
RR,DF,MINISTERIO DO TRABALHO E EMPREGO,,18,2025-12
RR,AM,SUPERINTENDENCIA ZONA FRANCA DE MANAUS,,2,2025-12
RR,RR,UNIVERSIDADE FEDERAL DE RORAIMA,UNIV,62,2025-12
RS,DF,ADVOCACIA-GERAL DA UNIAO,,37,2025-12
RS,DF,AGENCIA BRASILEIRA DE INTELIGENCIA,,4,2025-12
RS,DF,AGENCIA NACIONAL DE AVIACAO CIVIL,,3,2025-12
RS,DF,AGENCIA NACIONAL DE MINERACAO,,11,2025-12
RS,RJ,AGENCIA NACIONAL DE SAUDE SUPLEMENTAR,,1,2025-12
RS,DF,AGENCIA NACIONAL DE TELECOMUNICACOES,,3,2025-12
RS,RS,AGENCIA NACIONAL DE VIGILANCIA SANITARIA,,9,2025-12
RS,DF,AGENCIA NACIONAL DE VIGILANCIA SANITARIA,,1,2025-12
RS,DF,COMANDO DA AERONAUTICA,,16,2025-12
RS,RS,COMANDO DA MARINHA,,4,2025-12
RS,DF,COMANDO DO EXERCITO,,52,2025-12
RS,DF,CONTROLADORIA-GERAL DA UNIAO,,3,2025-12
RS,RS,DEPARTAMENTO DE POLICIA FEDERAL,,106,2025-12
RS,RS,DEPARTAMENTO NAC.DE INFRAEST. DE TRANSP.,,16,2025-12
RS,RS,DEPTO. DE POLICIA RODOVIARIA FEDERAL,,83,2025-12
RS,RS,FUND. INST. BRASIL. GEOG. E ESTATISTICA,,28,2025-12
RS,RS,FUND.UNIV.FED.CIENC.SAUDE D PORTO ALEGRE,,30,2025-12
RS,RS,FUNDACAO NACIONAL DE SAUDE,,6,2025-12
RS,DF,FUNDACAO NACIONAL DOS POVOS INDIGENAS,,1,2025-12
RS,RS,FUNDACAO UNIVERSIDADE FEDERAL DE PELOTAS,UNIV,305,2025-12
RS,RS,FUNDACAO UNIVERSIDADE FEDERAL DO PAMPA,UNIV,40,2025-12
RS,DF,INST. BR. MEIO AMB. REC. NAT. RENOVAVEIS,,5,2025-12
RS,RJ,"INST.NAC.METROLOGIA,NORM.E QUAL.INDL.",,1,2025-12
RS,DF,INSTITUTO BRASILEIRO DE MUSEUS,,1,2025-12
RS,DF,INSTITUTO CHICO MENDES CONSERV.BIODIVER.,,9,2025-12
RS,DF,INSTITUTO DO PATR.HIST.E ART. NACIONAL,,2,2025-12
RS,RS,INSTITUTO FEDERAL DO RIO GRANDE DO SUL,IF,47,2025-12
RS,RS,INSTITUTO FEDERAL FARROUPILHA,,33,2025-12
RS,RS,INSTITUTO FEDERAL SUL RIO-GRANDENSE,,129,2025-12
RS,RJ,INSTITUTO NAC. DA PROPRIEDADE INDUSTRIAL,,1,2025-12
RS,RS,INSTITUTO NAC. DE COLONIZ E REF AGRARIA,,12,2025-12
RS,SC,INSTITUTO NACIONAL DE SEGURO SOCIAL,INSS,146,2025-12
RS,DF,INSTITUTO NACIONAL DE SEGURO SOCIAL,INSS,1,2025-12
RS,DF,MIN GESTAO E INOV EM SERV PUBLICOS,,6,2025-12
RS,DF,MINISTERIO DA AGRICULTURA E PECUARIA,,5,2025-12
RS,RS,MINISTERIO DA AGRICULTURA E PECUARIA,,50,2025-12
RS,DF,MINISTERIO DA FAZENDA,FAZ,24,2025-12
RS,RS,MINISTERIO DA FAZENDA,FAZ,216,2025-12
RS,SP,MINISTERIO DA FAZENDA,FAZ,4,2025-12
RS,PR,MINISTERIO DA FAZENDA,FAZ,3,2025-12
RS,DF,MINISTERIO DA PREVIDENCIA SOCIAL,,16,2025-12
RS,RS,MINISTERIO DA SAUDE,,106,2025-12
RS,SC,MINISTERIO DA SAUDE,,3,2025-12
RS,DF,MINISTERIO DAS CIDADES,,1,2025-12
RS,DF,MINISTERIO DAS RELACOES EXTERIORES,,4,2025-12
RS,DF,MINISTERIO DO TRABALHO E EMPREGO,,33,2025-12
RS,DF,MINISTERIO DOS TRANSPORTES,,3,2025-12
RS,RS,UNIVERSIDADE FED. DO RIO GRANDE DO SUL,,872,2025-12
RS,SC,UNIVERSIDADE FEDERAL DA FRONTEIRA SUL,UNIV,7,2025-12
RS,RS,UNIVERSIDADE FEDERAL DE SANTA MARIA,UNIV,633,2025-12
RS,RS,UNIVERSIDADE FEDERAL DO RIO GRANDE,UNIV,182,2025-12
SC,DF,ADVOCACIA-GERAL DA UNIAO,,29,2025-12
SC,DF,AGENCIA NAC. DE TRANSPORTES TERRESTRES,,1,2025-12
SC,DF,AGENCIA NACIONAL DE MINERACAO,,12,2025-12
SC,DF,AGENCIA NACIONAL DE TELECOMUNICACOES,,4,2025-12
SC,SC,AGENCIA NACIONAL DE VIGILANCIA SANITARIA,,6,2025-12
SC,DF,AGENCIA NACIONAL DE VIGILANCIA SANITARIA,,1,2025-12
SC,SC,COMANDO DA MARINHA,,4,2025-12
SC,DF,COMANDO DO EXERCITO,,36,2025-12
SC,DF,CONTROLADORIA-GERAL DA UNIAO,,6,2025-12
SC,SC,DEPARTAMENTO DE POLICIA FEDERAL,,45,2025-12
SC,RS,DEPARTAMENTO DE POLICIA FEDERAL,,1,2025-12
SC,MT,DEPARTAMENTO DE POLICIA FEDERAL,,1,2025-12
SC,MS,DEPARTAMENTO DE POLICIA FEDERAL,,1,2025-12
SC,SC,DEPARTAMENTO NAC.DE INFRAEST. DE TRANSP.,,9,2025-12
SC,PR,DEPTO. DE POLICIA RODOVIARIA FEDERAL,,1,2025-12
SC,SC,DEPTO. DE POLICIA RODOVIARIA FEDERAL,,46,2025-12
SC,RS,DEPTO. DE POLICIA RODOVIARIA FEDERAL,,1,2025-12
SC,SC,FUND. INST. BRASIL. GEOG. E ESTATISTICA,,12,2025-12
SC,SP,FUND.JORGE DUPRAT FIG. SEG. MED.TRABALHO,,1,2025-12
SC,SC,FUNDACAO NACIONAL DE SAUDE,,5,2025-12
SC,DF,FUNDACAO NACIONAL DOS POVOS INDIGENAS,,3,2025-12
SC,RJ,FUNDACAO OSWALDO CRUZ,,1,2025-12
SC,SP,FUNDACAO UNIVERSIDADE FEDERAL DO ABC,UNIV,1,2025-12
SC,DF,INST. BR. MEIO AMB. REC. NAT. RENOVAVEIS,,9,2025-12
SC,DF,INSTITUTO CHICO MENDES CONSERV.BIODIVER.,,6,2025-12
SC,SC,INSTITUTO FEDERAL CATARINENSE,,56,2025-12
SC,SC,INSTITUTO FEDERAL DE SANTA CATARINA,IF,83,2025-12
SC,PR,INSTITUTO FEDERAL DO PARANA,IF,1,2025-12
SC,SC,INSTITUTO NAC. DE COLONIZ E REF AGRARIA,,10,2025-12
SC,RJ,INSTITUTO NACIONAL DE SEGURO SOCIAL,INSS,1,2025-12
SC,SC,INSTITUTO NACIONAL DE SEGURO SOCIAL,INSS,89,2025-12
SC,DF,INSTITUTO NACIONAL DE SEGURO SOCIAL,INSS,3,2025-12
SC,DF,MIN GESTAO E INOV EM SERV PUBLICOS,,8,2025-12
SC,SC,MIN GESTAO E INOV EM SERV PUBLICOS,,1,2025-12
SC,PR,MINISTERIO DA AGRICULTURA E PECUARIA,,1,2025-12
SC,SC,MINISTERIO DA AGRICULTURA E PECUARIA,,23,2025-12
SC,DF,MINISTERIO DA AGRICULTURA E PECUARIA,,6,2025-12
SC,DF,MINISTERIO DA EDUCACAO,,1,2025-12
SC,PR,MINISTERIO DA FAZENDA,FAZ,111,2025-12
SC,DF,MINISTERIO DA FAZENDA,FAZ,8,2025-12
SC,RS,MINISTERIO DA FAZENDA,FAZ,2,2025-12
SC,SP,MINISTERIO DA FAZENDA,FAZ,1,2025-12
SC,MG,MINISTERIO DA FAZENDA,FAZ,1,2025-12
SC,RJ,MINISTERIO DA FAZENDA,FAZ,1,2025-12
SC,DF,MINISTERIO DA PESCA E AQUICULTURA,,1,2025-12
SC,DF,MINISTERIO DA PREVIDENCIA SOCIAL,,6,2025-12
SC,SC,MINISTERIO DA SAUDE,,39,2025-12
SC,DF,MINISTERIO DAS RELACOES EXTERIORES,,1,2025-12
SC,DF,MINISTERIO DE PORTOS E AEROPORTOS,,1,2025-12
SC,DF,MINISTERIO DO TRABALHO E EMPREGO,,24,2025-12
SC,DF,MINISTERIO DOS TRANSPORTES,,1,2025-12
SC,RJ,SUPERINTENDENCIA DE SEGUROS PRIVADOS,,1,2025-12
SC,AM,SUPERINTENDENCIA ZONA FRANCA DE MANAUS,,1,2025-12
SC,RS,UNIVERSIDADE FED. DO RIO GRANDE DO SUL,,1,2025-12
SC,SC,UNIVERSIDADE FEDERAL DA FRONTEIRA SUL,UNIV,8,2025-12
SC,SC,UNIVERSIDADE FEDERAL DE SANTA CATARINA,UNIV,593,2025-12
SC,MG,UNIVERSIDADE FEDERAL DE VICOSA,UNIV,1,2025-12
SC,AC,UNIVERSIDADE FEDERAL DO ACRE,UNIV,1,2025-12
SC,ES,UNIVERSIDADE FEDERAL DO ESPIRITO SANTO,UNIV,1,2025-12
SC,PA,UNIVERSIDADE FEDERAL DO PARA,UNIV,1,2025-12
SC,PR,UNIVERSIDADE FEDERAL DO PARANA,UNIV,1,2025-12
SE,DF,ADVOCACIA-GERAL DA UNIAO,,14,2025-12
SE,RJ,AGENCIA NAC PETROLEO GAS NAT BIOCOMBUSTI,,1,2025-12
SE,DF,AGENCIA NACIONAL DE MINERACAO,,1,2025-12
SE,DF,AGENCIA NACIONAL DE TELECOMUNICACOES,,4,2025-12
SE,SE,AGENCIA NACIONAL DE VIGILANCIA SANITARIA,,5,2025-12
SE,BA,COMANDO DA MARINHA,,1,2025-12
SE,DF,COMANDO DO EXERCITO,,3,2025-12
SE,DF,CONTROLADORIA-GERAL DA UNIAO,,3,2025-12
SE,SE,DEPARTAMENTO DE POLICIA FEDERAL,,24,2025-12
SE,SE,DEPARTAMENTO NAC.DE INFRAEST. DE TRANSP.,,5,2025-12
SE,SE,DEPTO. DE POLICIA RODOVIARIA FEDERAL,,19,2025-12
SE,SE,DEPTO. NACIONAL DE OBRAS CONTRA AS SECAS,,4,2025-12
SE,BA,FUND. INST. BRASIL. GEOG. E ESTATISTICA,,8,2025-12
SE,SE,FUNDACAO NACIONAL DE SAUDE,,9,2025-12
SE,DF,FUNDACAO NACIONAL DOS POVOS INDIGENAS,,1,2025-12
SE,SE,FUNDACAO UNIVERSIDADE FEDERAL DE SERGIPE,UNIV,234,2025-12
SE,DF,INST. BR. MEIO AMB. REC. NAT. RENOVAVEIS,,2,2025-12
SE,DF,INSTITUTO CHICO MENDES CONSERV.BIODIVER.,,3,2025-12
SE,SE,INSTITUTO FEDERAL DE SERGIPE,IF,72,2025-12
SE,SE,INSTITUTO NAC. DE COLONIZ E REF AGRARIA,,14,2025-12
SE,DF,INSTITUTO NAC. DE COLONIZ E REF AGRARIA,,1,2025-12
SE,PE,INSTITUTO NACIONAL DE SEGURO SOCIAL,INSS,47,2025-12
SE,DF,INSTITUTO NACIONAL DE SEGURO SOCIAL,INSS,1,2025-12
SE,DF,MIN GESTAO E INOV EM SERV PUBLICOS,,4,2025-12
SE,SE,MINISTERIO DA AGRICULTURA E PECUARIA,,4,2025-12
SE,DF,MINISTERIO DA AGRICULTURA E PECUARIA,,2,2025-12
SE,DF,MINISTERIO DA EDUCACAO,,1,2025-12
SE,BA,MINISTERIO DA FAZENDA,FAZ,18,2025-12
SE,DF,MINISTERIO DA FAZENDA,FAZ,3,2025-12
SE,DF,MINISTERIO DA PREVIDENCIA SOCIAL,,2,2025-12
SE,SE,MINISTERIO DA SAUDE,,102,2025-12
SE,AL,MINISTERIO DA SAUDE,,2,2025-12
SE,DF,MINISTERIO DO TRABALHO E EMPREGO,,29,2025-12
SE,RJ,UNIVERSIDADE FEDERAL DO RIO DE JANEIRO,UNIV,1,2025-12
SP,DF,ADVOCACIA-GERAL DA UNIAO,,61,2025-12
SP,DF,AGENCIA BRASILEIRA DE INTELIGENCIA,,3,2025-12
SP,RJ,AGENCIA NAC PETROLEO GAS NAT BIOCOMBUSTI,,7,2025-12
SP,DF,AGENCIA NAC. DE TRANSPORTES AQUAVIARIOS,,2,2025-12
SP,DF,AGENCIA NAC. DE TRANSPORTES TERRESTRES,,8,2025-12
SP,DF,AGENCIA NACIONAL DE AVIACAO CIVIL,,12,2025-12
SP,DF,AGENCIA NACIONAL DE ENERGIA ELETRICA,,2,2025-12
SP,DF,AGENCIA NACIONAL DE MINERACAO,,7,2025-12
SP,RJ,AGENCIA NACIONAL DE SAUDE SUPLEMENTAR,,1,2025-12
SP,DF,AGENCIA NACIONAL DE TELECOMUNICACOES,,8,2025-12
SP,SP,AGENCIA NACIONAL DE VIGILANCIA SANITARIA,,15,2025-12
SP,SP,COMANDO DA AERONAUTICA,,276,2025-12
SP,DF,COMANDO DA AERONAUTICA,,29,2025-12
SP,SP,COMANDO DA MARINHA,,12,2025-12
SP,BA,COMANDO DA MARINHA,,1,2025-12
SP,DF,COMANDO DO EXERCITO,,26,2025-12
SP,RJ,COMISSAO DE VALORES MOBILIARIOS,,5,2025-12
SP,SP,COMISSAO NACIONAL DE ENERGIA NUCLEAR,,301,2025-12
SP,RJ,COMISSAO NACIONAL DE ENERGIA NUCLEAR,,5,2025-12
SP,DF,CONSELHO NAC.DE DESEN.CIEN.E TECNOLOGICO,,1,2025-12
SP,DF,CONTROLADORIA-GERAL DA UNIAO,,9,2025-12
SP,SP,DEPARTAMENTO DE POLICIA FEDERAL,,182,2025-12
SP,DF,DEPARTAMENTO DE POLICIA FEDERAL,,3,2025-12
SP,AP,DEPARTAMENTO DE POLICIA FEDERAL,,1,2025-12
SP,SP,DEPARTAMENTO NAC.DE INFRAEST. DE TRANSP.,,4,2025-12
SP,SP,DEPTO. DE POLICIA RODOVIARIA FEDERAL,,68,2025-12
SP,MS,DEPTO. DE POLICIA RODOVIARIA FEDERAL,,7,2025-12
SP,MG,DEPTO. DE POLICIA RODOVIARIA FEDERAL,,1,2025-12
SP,SP,FUND. INST. BRASIL. GEOG. E ESTATISTICA,,69,2025-12
SP,GO,FUND. INST. BRASIL. GEOG. E ESTATISTICA,,1,2025-12
SP,RJ,FUND. INST. BRASIL. GEOG. E ESTATISTICA,,2,2025-12
SP,SP,FUND.JORGE DUPRAT FIG. SEG. MED.TRABALHO,,14,2025-12
SP,RJ,FUNDACAO NACIONAL DE ARTES,,2,2025-12
SP,SP,FUNDACAO NACIONAL DE SAUDE,,6,2025-12
SP,DF,FUNDACAO NACIONAL DOS POVOS INDIGENAS,,3,2025-12
SP,RJ,FUNDACAO OSWALDO CRUZ,,1,2025-12
SP,DF,FUNDACAO UNIVERSIDADE DE BRASILIA,UNIV,1,2025-12
SP,AM,FUNDACAO UNIVERSIDADE DO AMAZONAS,UNIV,1,2025-12
SP,TO,FUNDACAO UNIVERSIDADE FED. DO TOCANTINS,UNIV,1,2025-12
SP,SP,FUNDACAO UNIVERSIDADE FEDERAL DO ABC,UNIV,43,2025-12
SP,DF,INST. BR. MEIO AMB. REC. NAT. RENOVAVEIS,,11,2025-12
SP,RJ,"INST.NAC.METROLOGIA,NORM.E QUAL.INDL.",,2,2025-12
SP,DF,INSTITUTO BRASILEIRO DE MUSEUS,,2,2025-12
SP,DF,INSTITUTO CHICO MENDES CONSERV.BIODIVER.,,13,2025-12
SP,DF,INSTITUTO DO PATR.HIST.E ART. NACIONAL,,5,2025-12
SP,SP,INSTITUTO FEDERAL DE SAO PAULO,IF,111,2025-12
SP,PR,INSTITUTO FEDERAL DO PARANA,IF,1,2025-12
SP,RJ,INSTITUTO FEDERAL DO RIO DE JANEIRO,IF,1,2025-12
SP,MG,INSTITUTO FEDERAL DO SUL DE MINAS GERAIS,IF,1,2025-12
SP,RJ,INSTITUTO NAC. DA PROPRIEDADE INDUSTRIAL,,4,2025-12
SP,SP,INSTITUTO NAC. DE COLONIZ E REF AGRARIA,,13,2025-12
SP,DF,INSTITUTO NAC. DE COLONIZ E REF AGRARIA,,2,2025-12
SP,SP,INSTITUTO NACIONAL DE SEGURO SOCIAL,INSS,537,2025-12
SP,DF,INSTITUTO NACIONAL DE SEGURO SOCIAL,INSS,8,2025-12
SP,SC,INSTITUTO NACIONAL DE SEGURO SOCIAL,INSS,1,2025-12
SP,RJ,INSTITUTO NACIONAL DE SEGURO SOCIAL,INSS,1,2025-12
SP,DF,MIN DA INTEG E DO DESENV REGIONAL,,1,2025-12
SP,SP,MIN GESTAO E INOV EM SERV PUBLICOS,,1,2025-12
SP,DF,MIN GESTAO E INOV EM SERV PUBLICOS,,26,2025-12
SP,DF,MINIST. DA JUSTICA E SEGURANCA PUBLICA,,1,2025-12
SP,SP,MINISTERIO CIENCIA TECNOLOGIA INOVA,,193,2025-12
SP,DF,MINISTERIO CIENCIA TECNOLOGIA INOVA,,1,2025-12
SP,DF,MINISTERIO DA AGRICULTURA E PECUARIA,,2,2025-12
SP,SP,MINISTERIO DA AGRICULTURA E PECUARIA,,95,2025-12
SP,DF,MINISTERIO DA CULTURA,,2,2025-12
SP,DF,MINISTERIO DA EDUCACAO,,2,2025-12
SP,RJ,MINISTERIO DA EDUCACAO,,1,2025-12
SP,SP,MINISTERIO DA FAZENDA,FAZ,639,2025-12
SP,MG,MINISTERIO DA FAZENDA,FAZ,5,2025-12
SP,DF,MINISTERIO DA FAZENDA,FAZ,58,2025-12
SP,PE,MINISTERIO DA FAZENDA,FAZ,1,2025-12
SP,PR,MINISTERIO DA FAZENDA,FAZ,9,2025-12
SP,BA,MINISTERIO DA FAZENDA,FAZ,1,2025-12
SP,RJ,MINISTERIO DA FAZENDA,FAZ,3,2025-12
SP,DF,MINISTERIO DA PREVIDENCIA SOCIAL,,61,2025-12
SP,SP,MINISTERIO DA SAUDE,,293,2025-12
SP,PR,MINISTERIO DA SAUDE,,4,2025-12
SP,DF,MINISTERIO DA SAUDE,,1,2025-12
SP,RJ,MINISTERIO DA SAUDE,,2,2025-12
SP,RS,MINISTERIO DA SAUDE,,1,2025-12
SP,DF,MINISTERIO DAS RELACOES EXTERIORES,,5,2025-12
SP,DF,MINISTERIO DE PORTOS E AEROPORTOS,,4,2025-12
SP,DF,MINISTERIO DO MEIO AMBIENTE,,1,2025-12
SP,DF,MINISTERIO DO TRABALHO E EMPREGO,,115,2025-12
SP,RJ,SUPERINTENDENCIA DE SEGUROS PRIVADOS,,2,2025-12
SP,AM,SUPERINTENDENCIA ZONA FRANCA DE MANAUS,,1,2025-12
SP,MG,UNI.FED.VALES DO JEQUITINHONHA E MUCURI,,1,2025-12
SP,MS,UNIV. FEDERAL DE MATO GROSSO DO SUL,UNIV,2,2025-12
SP,RJ,UNIV. FEDERAL RURAL DO RIO DE JANEIRO,UNIV,1,2025-12
SP,PR,UNIVERS. TECNOLOGICA FEDERAL DO PARANA,,3,2025-12
SP,RJ,UNIVERSIDADE DO RIO DE JANEIRO,,1,2025-12
SP,RN,UNIVERSIDADE FED. DO RIO GRANDE DO NORTE,,1,2025-12
SP,MG,UNIVERSIDADE FED.DO TRIANGULO MINEIRO,,1,2025-12
SP,MG,UNIVERSIDADE FEDERAL DE ITAJUBA,UNIV,2,2025-12
SP,MG,UNIVERSIDADE FEDERAL DE MINAS GERAIS,UNIV,1,2025-12
SP,SP,UNIVERSIDADE FEDERAL DE SAO CARLOS,UNIV,243,2025-12
SP,SP,UNIVERSIDADE FEDERAL DE SAO PAULO,UNIV,471,2025-12
SP,RJ,UNIVERSIDADE FEDERAL FLUMINENSE,UNIV,1,2025-12
TO,DF,ADVOCACIA-GERAL DA UNIAO,,3,2025-12
TO,DF,AGENCIA NACIONAL DE MINERACAO,,1,2025-12
TO,TO,DEPARTAMENTO DE POLICIA FEDERAL,,14,2025-12
TO,GO,DEPARTAMENTO DE POLICIA FEDERAL,,1,2025-12
TO,TO,DEPARTAMENTO NAC.DE INFRAEST. DE TRANSP.,,2,2025-12
TO,PA,DEPTO. DE POLICIA RODOVIARIA FEDERAL,,1,2025-12
TO,TO,DEPTO. DE POLICIA RODOVIARIA FEDERAL,,10,2025-12
TO,DF,FUND. INST. BRASIL. GEOG. E ESTATISTICA,,2,2025-12
TO,TO,FUNDACAO NACIONAL DE SAUDE,,12,2025-12
TO,DF,FUNDACAO NACIONAL DOS POVOS INDIGENAS,,12,2025-12
TO,TO,FUNDACAO UNIVERSIDADE FED. DO TOCANTINS,UNIV,31,2025-12
TO,DF,INST. BR. MEIO AMB. REC. NAT. RENOVAVEIS,,3,2025-12
TO,TO,INSTITUTO FEDERAL DO TOCANTINS,IF,32,2025-12
TO,TO,INSTITUTO NAC. DE COLONIZ E REF AGRARIA,,24,2025-12
TO,DF,INSTITUTO NACIONAL DE SEGURO SOCIAL,INSS,7,2025-12
TO,DF,MIN GESTAO E INOV EM SERV PUBLICOS,,1,2025-12
TO,TO,MINISTERIO DA AGRICULTURA E PECUARIA,,3,2025-12
TO,DF,MINISTERIO DA AGRICULTURA E PECUARIA,,1,2025-12
TO,DF,MINISTERIO DA FAZENDA,FAZ,11,2025-12
TO,TO,MINISTERIO DA SAUDE,,80,2025-12
TO,BA,MINISTERIO DA SAUDE,,1,2025-12
TO,PA,MINISTERIO DA SAUDE,,2,2025-12
TO,DF,MINISTERIO DAS COMUNICACOES,,1,2025-12
TO,DF,MINISTERIO DO TRABALHO E EMPREGO,,3,2025-12
TO,TO,UNIVERSIDADE FEDERAL NORTE DO TOCANTINS,UNIV,11,2025-12
