uf,nome,regiao,lente,populacao,n_ativos,n_ativos_base_b,n_abono,A_raw,B_raw,A_pct,B_pct,quadrante,classe,gravidade,posicao,flags
GO,Goiás,Centro-Oeste,exclusivos,7423629,768,768,187,1.03,0.2435,5.8,76.9,deserto_critico,Deserto crítico,85.6,1,
MA,Maranhão,Nordeste,exclusivos,7018211,648,648,154,0.92,0.2377,0.0,69.2,deserto_critico,Deserto crítico,84.6,2,
AL,Alagoas,Nordeste,exclusivos,3220848,408,408,130,1.27,0.3186,23.1,84.6,deserto_critico,Deserto crítico,80.8,3,
PB,Paraíba,Nordeste,exclusivos,4164468,542,542,167,1.3,0.3081,30.8,80.8,deserto_critico,Deserto crítico,75.0,4,
AC,Acre,Norte,exclusivos,884372,126,126,47,1.42,0.373,38.5,88.5,deserto_critico,Deserto crítico,75.0,4,
AM,Amazonas,Norte,exclusivos,4321616,518,518,122,1.2,0.2355,19.2,65.4,deserto_critico,Deserto crítico,73.1,6,
PA,Pará,Norte,exclusivos,8711196,1018,1018,238,1.17,0.2338,15.4,61.5,deserto_critico,Deserto crítico,73.0,7,
RN,Rio Grande do Norte,Nordeste,exclusivos,3455236,473,473,115,1.37,0.2431,34.6,73.1,deserto_critico,Deserto crítico,69.2,8,
RO,Rondônia,Norte,exclusivos,1751950,288,288,110,1.64,0.3819,61.5,92.3,presenca_em_risco,Presença em risco,65.4,9,
MT,Mato Grosso,Centro-Oeste,exclusivos,3893659,401,401,78,1.03,0.1945,5.8,34.6,deserto_estavel,Deserto estável,64.4,10,
AP,Amapá,Norte,exclusivos,806517,146,146,79,1.81,0.5411,73.1,100.0,presenca_em_risco,Presença em risco,63.4,11,
ES,Espírito Santo,Sudeste,exclusivos,4126854,533,533,117,1.29,0.2195,26.9,53.8,deserto_critico,Deserto crítico,63.4,11,
PI,Piauí,Nordeste,exclusivos,3384547,525,525,122,1.55,0.2324,50.0,57.7,presenca_em_risco,Presença em risco,53.8,13,
RR,Roraima,Norte,exclusivos,738772,161,161,74,2.18,0.4596,88.5,96.2,presenca_em_risco,Presença em risco,53.8,13,
SE,Sergipe,Nordeste,exclusivos,2299425,336,336,69,1.46,0.2054,46.2,38.5,deserto_estavel,Deserto estável,46.2,15,
CE,Ceará,Nordeste,exclusivos,9268836,1514,1514,327,1.63,0.216,57.7,50.0,presenca_em_risco,Presença em risco,46.2,15,
TO,Tocantins,Norte,exclusivos,1586859,177,177,18,1.12,0.1017,11.5,0.0,deserto_estavel,Deserto estável,44.2,17,
MS,Mato Grosso do Sul,Centro-Oeste,exclusivos,2924631,516,516,111,1.76,0.2151,69.2,46.2,presenca_consolidada,Presença consolidada,38.5,18,
BA,Bahia,Nordeste,exclusivos,14870907,2146,2146,328,1.44,0.1528,42.3,15.4,deserto_estavel,Deserto estável,36.6,19,
MG,Minas Gerais,Sudeste,exclusivos,21393441,3462,3462,562,1.62,0.1623,53.8,23.1,presenca_consolidada,Presença consolidada,34.7,20,
SP,São Paulo,Sudeste,exclusivos,46081801,7693,7693,1263,1.67,0.1642,65.4,26.9,presenca_consolidada,Presença consolidada,30.7,21,
PR,Paraná,Sul,exclusivos,11890517,2319,2319,381,1.95,0.1643,76.9,30.8,presenca_consolidada,Presença consolidada,26.9,22,
RJ,Rio de Janeiro,Sudeste,exclusivos,17223547,4447,4447,953,2.58,0.2143,96.2,42.3,presenca_consolidada,Presença consolidada,23.0,23,
PE,Pernambuco,Nordeste,exclusivos,9562007,2052,2052,322,2.15,0.1569,84.6,19.2,presenca_consolidada,Presença consolidada,17.3,24,
SC,Santa Catarina,Sul,exclusivos,8187029,1696,1696,217,2.07,0.1279,80.8,3.8,presenca_consolidada,Presença consolidada,11.5,25,
RS,Rio Grande do Sul,Sul,exclusivos,11233263,2595,2595,394,2.31,0.1518,92.3,11.5,presenca_consolidada,Presença consolidada,9.6,26,
DF,Distrito Federal,Centro-Oeste,exclusivos,2996899,4485,4485,626,14.97,0.1396,100.0,7.7,presenca_consolidada,Presença consolidada,3.8,27,
BA,Bahia,Nordeste,educacao,14870907,8615,8614,910,5.79,0.1056,3.8,80.8,deserto_critico,Deserto crítico,88.5,1,
RO,Rondônia,Norte,educacao,1751950,1499,1499,142,8.56,0.0947,7.7,69.2,deserto_critico,Deserto crítico,80.8,2,
CE,Ceará,Nordeste,educacao,9268836,9941,9440,1051,10.73,0.1113,26.9,84.6,deserto_critico,Deserto crítico,78.8,3,
PE,Pernambuco,Nordeste,educacao,9562007,11873,11873,1610,12.42,0.1356,42.3,92.3,deserto_critico,Deserto crítico,75.0,4,
AL,Alagoas,Nordeste,educacao,3220848,3912,3912,503,12.15,0.1286,38.5,88.5,deserto_critico,Deserto crítico,75.0,4,
GO,Goiás,Centro-Oeste,educacao,7423629,7037,6620,581,9.48,0.0878,15.4,65.4,deserto_critico,Deserto crítico,75.0,4,
MA,Maranhão,Nordeste,educacao,7018211,6492,6492,505,9.25,0.0778,11.5,53.8,deserto_critico,Deserto crítico,71.2,7,
AM,Amazonas,Norte,educacao,4321616,4940,4940,492,11.43,0.0996,30.8,73.1,deserto_critico,Deserto crítico,71.2,7,
RJ,Rio de Janeiro,Sudeste,educacao,17223547,27568,27568,4080,16.01,0.148,53.8,96.2,presenca_em_risco,Presença em risco,71.2,7,
PA,Pará,Norte,educacao,8711196,10322,10322,1069,11.85,0.1036,34.6,76.9,deserto_critico,Deserto crítico,71.2,7,
SC,Santa Catarina,Sul,educacao,8187029,8496,8496,691,10.38,0.0813,23.1,61.5,deserto_critico,Deserto crítico,69.2,11,
SP,São Paulo,Sudeste,educacao,46081801,13008,13007,881,2.82,0.0677,0.0,34.6,deserto_estavel,Deserto estável,67.3,12,
PB,Paraíba,Nordeste,educacao,4164468,8669,8669,1336,20.82,0.1541,80.8,100.0,presenca_em_risco,Presença em risco,59.6,13,
ES,Espírito Santo,Sudeste,educacao,4126854,6480,6480,478,15.7,0.0738,50.0,50.0,presenca_em_risco,Presença em risco,50.0,14,
MT,Mato Grosso,Centro-Oeste,educacao,3893659,5250,5250,385,13.48,0.0733,46.2,42.3,deserto_estavel,Deserto estável,48.0,15,
PI,Piauí,Nordeste,educacao,3384547,5770,5770,465,17.05,0.0806,65.4,57.7,presenca_em_risco,Presença em risco,46.2,16,
PR,Paraná,Sul,educacao,11890517,12142,12142,595,10.21,0.049,19.2,11.5,deserto_estavel,Deserto estável,46.2,16,
MG,Minas Gerais,Sudeste,educacao,21393441,35324,35324,2595,16.51,0.0735,61.5,46.2,presenca_consolidada,Presença consolidada,42.4,18,
RS,Rio Grande do Sul,Sul,educacao,11233263,18496,18496,1214,16.47,0.0656,57.7,30.8,presenca_consolidada,Presença consolidada,36.6,19,
SE,Sergipe,Nordeste,educacao,2299425,4288,4288,307,18.65,0.0716,69.2,38.5,presenca_consolidada,Presença consolidada,34.6,20,
MS,Mato Grosso do Sul,Centro-Oeste,educacao,2924631,5791,5791,341,19.8,0.0589,73.1,23.1,presenca_consolidada,Presença consolidada,25.0,21,
AC,Acre,Norte,educacao,884372,2175,2174,130,24.59,0.0598,92.3,26.9,presenca_consolidada,Presença consolidada,17.3,22,
TO,Tocantins,Norte,educacao,1586859,3199,3199,74,20.16,0.0231,76.9,7.7,presenca_consolidada,Presença consolidada,15.4,23,
RR,Roraima,Norte,educacao,738772,1757,1757,103,23.78,0.0586,88.5,19.2,presenca_consolidada,Presença consolidada,15.4,23,
DF,Distrito Federal,Centro-Oeste,educacao,2996899,9890,9889,509,33.0,0.0515,100.0,15.4,presenca_consolidada,Presença consolidada,7.7,25,
AP,Amapá,Norte,educacao,806517,1790,1790,7,22.19,0.0039,84.6,0.0,presenca_consolidada,Presença consolidada,7.7,25,
RN,Rio Grande do Norte,Nordeste,educacao,3455236,8896,8896,126,25.75,0.0142,96.2,3.8,presenca_consolidada,Presença consolidada,3.8,27,
RO,Rondônia,Norte,nucleo,1751950,1787,1787,252,10.2,0.141,11.5,88.5,deserto_critico,Deserto crítico,88.5,1,
BA,Bahia,Nordeste,nucleo,14870907,10761,10760,1238,7.24,0.1151,3.8,73.1,deserto_critico,Deserto crítico,84.6,2,
SP,São Paulo,Sudeste,nucleo,46081801,20701,20700,2144,4.49,0.1036,0.0,61.5,deserto_critico,Deserto crítico,80.8,3,
CE,Ceará,Nordeste,nucleo,9268836,11455,10954,1378,12.36,0.1258,23.1,80.8,deserto_critico,Deserto crítico,78.8,4,
AL,Alagoas,Nordeste,nucleo,3220848,4320,4320,633,13.41,0.1465,38.5,92.3,deserto_critico,Deserto crítico,76.9,5,
GO,Goiás,Centro-Oeste,nucleo,7423629,7805,7388,768,10.51,0.104,15.4,65.4,deserto_critico,Deserto crítico,75.0,6,
MA,Maranhão,Nordeste,nucleo,7018211,7140,7140,659,10.17,0.0923,7.7,51.9,deserto_critico,Deserto crítico,72.1,7,
PA,Pará,Norte,nucleo,8711196,11340,11340,1307,13.02,0.1153,34.6,76.9,deserto_critico,Deserto crítico,71.2,8,
PE,Pernambuco,Nordeste,nucleo,9562007,13925,13925,1932,14.56,0.1387,46.2,84.6,deserto_critico,Deserto crítico,69.2,9,
RJ,Rio de Janeiro,Sudeste,nucleo,17223547,32015,32015,5033,18.59,0.1572,57.7,96.2,presenca_em_risco,Presença em risco,69.2,9,
AM,Amazonas,Norte,nucleo,4321616,5458,5458,614,12.63,0.1125,30.8,69.2,deserto_critico,Deserto crítico,69.2,9,
PB,Paraíba,Nordeste,nucleo,4164468,9211,9211,1503,22.12,0.1632,80.8,100.0,presenca_em_risco,Presença em risco,59.6,12,
SC,Santa Catarina,Sul,nucleo,8187029,10192,10192,908,12.45,0.0891,26.9,46.2,deserto_estavel,Deserto estável,59.6,12,
PI,Piauí,Nordeste,nucleo,3384547,6295,6295,587,18.6,0.0932,61.5,57.7,presenca_em_risco,Presença em risco,48.1,14,
MT,Mato Grosso,Centro-Oeste,nucleo,3893659,5651,5651,463,14.51,0.0819,42.3,38.5,deserto_estavel,Deserto estável,48.1,14,
ES,Espírito Santo,Sudeste,nucleo,4126854,7013,7013,595,16.99,0.0848,50.0,42.3,presenca_consolidada,Presença consolidada,46.2,16,
PR,Paraná,Sul,nucleo,11890517,14461,14461,976,12.16,0.0675,19.2,11.5,deserto_estavel,Deserto estável,46.2,16,
MG,Minas Gerais,Sudeste,nucleo,21393441,38786,38786,3157,18.13,0.0814,53.8,34.6,presenca_consolidada,Presença consolidada,40.4,18,
RR,Roraima,Norte,nucleo,738772,1918,1918,177,25.96,0.0923,88.5,51.9,presenca_em_risco,Presença em risco,31.7,19,
SE,Sergipe,Nordeste,nucleo,2299425,4624,4624,376,20.11,0.0813,69.2,30.8,presenca_consolidada,Presença consolidada,30.8,20,
RS,Rio Grande do Sul,Sul,nucleo,11233263,21091,21091,1608,18.78,0.0762,65.4,19.2,presenca_consolidada,Presença consolidada,26.9,21,
MS,Mato Grosso do Sul,Centro-Oeste,nucleo,2924631,6307,6307,452,21.57,0.0717,76.9,15.4,presenca_consolidada,Presença consolidada,19.2,22,
TO,Tocantins,Norte,nucleo,1586859,3376,3376,92,21.27,0.0273,73.1,3.8,presenca_consolidada,Presença consolidada,15.4,23,
AC,Acre,Norte,nucleo,884372,2301,2300,177,26.02,0.077,92.3,23.1,presenca_consolidada,Presença consolidada,15.4,23,
DF,Distrito Federal,Centro-Oeste,nucleo,2996899,14375,14374,1135,47.97,0.079,100.0,26.9,presenca_consolidada,Presença consolidada,13.4,25,
AP,Amapá,Norte,nucleo,806517,1936,1936,86,24.0,0.0444,84.6,7.7,presenca_consolidada,Presença consolidada,11.6,26,
RN,Rio Grande do Norte,Nordeste,nucleo,3455236,9369,9369,241,27.12,0.0257,96.2,0.0,presenca_consolidada,Presença consolidada,1.9,27,
MA,Maranhão,Nordeste,total,7018211,8411,8075,1780,11.98,0.2204,7.7,100.0,deserto_critico,Deserto crítico,96.2,1,
RO,Rondônia,Norte,total,1751950,2667,2505,527,15.22,0.2104,23.1,92.3,deserto_critico,Deserto crítico,84.6,2,
BA,Bahia,Nordeste,total,14870907,17718,17419,3144,11.91,0.1805,3.8,73.1,deserto_critico,Deserto crítico,84.6,2,
AL,Alagoas,Nordeste,total,3220848,4990,4896,970,15.49,0.1981,26.9,88.5,deserto_critico,Deserto crítico,80.8,4,
PA,Pará,Norte,total,8711196,14112,13478,2576,16.2,0.1911,30.8,84.6,deserto_critico,Deserto crítico,76.9,5,
CE,Ceará,Nordeste,total,9268836,13367,12525,2130,14.42,0.1701,19.2,61.5,deserto_critico,Deserto crítico,71.2,6,
SP,São Paulo,Sudeste,total,46081801,27789,26531,3648,6.03,0.1375,0.0,42.3,deserto_estavel,Deserto estável,71.2,6,
PE,Pernambuco,Nordeste,total,9562007,17047,16553,3154,17.83,0.1905,46.2,80.8,deserto_critico,Deserto crítico,67.3,8,
GO,Goiás,Centro-Oeste,total,7423629,10325,9762,1416,13.91,0.1451,15.4,50.0,deserto_critico,Deserto crítico,67.3,8,
AM,Amazonas,Norte,total,4321616,7133,6512,1144,16.51,0.1757,34.6,69.2,deserto_critico,Deserto crítico,67.3,8,
RJ,Rio de Janeiro,Sudeste,total,17223547,57636,53947,11876,33.46,0.2201,92.3,96.2,presenca_em_risco,Presença em risco,52.0,11,
AP,Amapá,Norte,total,806517,2458,2409,450,30.48,0.1868,80.8,76.9,presenca_em_risco,Presença em risco,48.1,12,
PR,Paraná,Sul,total,11890517,16358,16215,1582,13.76,0.0976,11.5,7.7,deserto_estavel,Deserto estável,48.1,12,
PI,Piauí,Nordeste,total,3384547,8039,7047,994,23.75,0.1411,65.4,46.2,presenca_consolidada,Presença consolidada,40.4,14,
PB,Paraíba,Nordeste,total,4164468,12697,12514,2130,30.49,0.1702,84.6,65.4,presenca_em_risco,Presença em risco,40.4,14,
RN,Rio Grande do Norte,Nordeste,total,3455236,10236,10130,1519,29.62,0.15,76.9,53.8,presenca_em_risco,Presença em risco,38.4,16,
MT,Mato Grosso,Centro-Oeste,total,3893659,6529,6284,676,16.77,0.1076,42.3,15.4,deserto_estavel,Deserto estável,36.6,17,
RS,Rio Grande do Sul,Sul,total,11233263,26427,26206,3100,23.53,0.1183,61.5,34.6,presenca_consolidada,Presença consolidada,36.6,17,
MG,Minas Gerais,Sudeste,total,21393441,42452,42131,4721,19.84,0.1121,53.8,23.1,presenca_consolidada,Presença consolidada,34.7,19,
SE,Sergipe,Nordeste,total,2299425,5139,5048,579,22.35,0.1147,57.7,26.9,presenca_consolidada,Presença consolidada,34.6,20,
ES,Espírito Santo,Sudeste,total,4126854,7946,7795,858,19.25,0.1101,50.0,19.2,presenca_consolidada,Presença consolidada,34.6,20,
SC,Santa Catarina,Sul,total,8187029,13669,13502,1218,16.7,0.0902,38.5,3.8,deserto_estavel,Deserto estável,32.6,22,
RR,Roraima,Norte,total,738772,2562,2450,383,34.68,0.1563,96.2,57.7,presenca_em_risco,Presença em risco,30.8,23,
AC,Acre,Norte,total,884372,2714,2605,336,30.69,0.129,88.5,38.5,presenca_consolidada,Presença consolidada,25.0,24,
MS,Mato Grosso do Sul,Centro-Oeste,total,2924631,7303,7136,736,24.97,0.1031,73.1,11.5,presenca_consolidada,Presença consolidada,19.2,25,
TO,Tocantins,Norte,total,1586859,3836,3731,206,24.17,0.0552,69.2,0.0,presenca_consolidada,Presença consolidada,15.4,26,
DF,Distrito Federal,Centro-Oeste,total,2996899,42877,33356,3913,143.07,0.1173,100.0,30.8,presenca_consolidada,Presença consolidada,15.4,26,
