ano,uf,n_ativos,lente,publicavel,populacao,A_raw,janela
2014,AC,1814,educacao,True,790101.0,22.96,2014-2022
2015,AC,1981,educacao,True,803513.0,24.65,2014-2022
2016,AC,2035,educacao,True,816687.0,24.92,2014-2022
2017,AC,2123,educacao,True,829619.0,25.59,2014-2022
2018,AC,2169,educacao,True,869265.0,24.95,2014-2022
2019,AC,2203,educacao,True,881935.0,24.98,2014-2022
2020,AC,2162,educacao,True,894470.0,24.17,2014-2022
2021,AC,2162,educacao,True,906876.0,23.84,2014-2022
2022,AC,2157,educacao,True,,,2014-2022
2023,AC,2053,educacao,True,,,2023-2025
2024,AC,2083,educacao,True,880631.0,23.65,2023-2025
2025,AC,2175,educacao,True,884372.0,24.59,2023-2025
2014,AL,4651,educacao,True,3321730.0,14.0,2014-2022
2015,AL,4689,educacao,True,3340932.0,14.04,2014-2022
2016,AL,4723,educacao,True,3358963.0,14.06,2014-2022
2017,AL,5011,educacao,True,3375823.0,14.84,2014-2022
2018,AL,5115,educacao,True,3322820.0,15.39,2014-2022
2019,AL,5048,educacao,True,3337357.0,15.13,2014-2022
2020,AL,5129,educacao,True,3351543.0,15.3,2014-2022
2021,AL,5144,educacao,True,3365351.0,15.29,2014-2022
2022,AL,5118,educacao,True,,,2014-2022
2023,AL,3906,educacao,True,,,2023-2025
2024,AL,3932,educacao,True,3220104.0,12.21,2023-2025
2025,AL,3912,educacao,True,3220848.0,12.15,2023-2025
2014,AM,4344,educacao,True,3873743.0,11.21,2014-2022
2015,AM,4776,educacao,True,3938336.0,12.13,2014-2022
2016,AM,4873,educacao,True,4001667.0,12.18,2014-2022
2017,AM,5065,educacao,True,4063614.0,12.46,2014-2022
2018,AM,5003,educacao,True,4080611.0,12.26,2014-2022
2019,AM,4974,educacao,True,4144597.0,12.0,2014-2022
2020,AM,4989,educacao,True,4207714.0,11.86,2014-2022
2021,AM,4906,educacao,True,4269995.0,11.49,2014-2022
2022,AM,4920,educacao,True,,,2014-2022
2023,AM,4958,educacao,True,,,2023-2025
2024,AM,4974,educacao,True,4281209.0,11.62,2023-2025
2025,AM,4940,educacao,True,4321616.0,11.43,2023-2025
2014,AP,1343,educacao,True,750912.0,17.88,2014-2022
2015,AP,1386,educacao,True,766679.0,18.08,2014-2022
2016,AP,1707,educacao,True,782295.0,21.82,2014-2022
2017,AP,1842,educacao,True,797722.0,23.09,2014-2022
2018,AP,1974,educacao,True,829494.0,23.8,2014-2022
2019,AP,1936,educacao,True,845731.0,22.89,2014-2022
2020,AP,1912,educacao,True,861773.0,22.19,2014-2022
2021,AP,1900,educacao,True,877613.0,21.65,2014-2022
2022,AP,1776,educacao,True,,,2014-2022
2023,AP,1656,educacao,True,,,2023-2025
2024,AP,1694,educacao,True,802837.0,21.1,2023-2025
2025,AP,1790,educacao,True,806517.0,22.19,2023-2025
2014,BA,7679,educacao,True,15126371.0,5.08,2014-2022
2015,BA,8065,educacao,True,15203334.0,5.3,2014-2022
2016,BA,8265,educacao,True,15276566.0,5.41,2014-2022
2017,BA,8274,educacao,True,15344447.0,5.39,2014-2022
2018,BA,8748,educacao,True,14812617.0,5.91,2014-2022
2019,BA,8633,educacao,True,14873064.0,5.8,2014-2022
2020,BA,8661,educacao,True,14930634.0,5.8,2014-2022
2021,BA,8616,educacao,True,14985284.0,5.75,2014-2022
2022,BA,8563,educacao,True,,,2014-2022
2023,BA,8621,educacao,True,,,2023-2025
2024,BA,8864,educacao,True,14850513.0,5.97,2023-2025
2025,BA,8615,educacao,True,14870907.0,5.79,2023-2025
2014,CE,8050,educacao,True,8842791.0,9.1,2014-2022
2015,CE,8377,educacao,True,8904459.0,9.41,2014-2022
2016,CE,8846,educacao,True,8963663.0,9.87,2014-2022
2017,CE,9256,educacao,True,9020460.0,10.26,2014-2022
2018,CE,9378,educacao,True,9075649.0,10.33,2014-2022
2019,CE,9140,educacao,True,9132078.0,10.01,2014-2022
2020,CE,9061,educacao,True,9187103.0,9.86,2014-2022
2021,CE,9042,educacao,True,9240580.0,9.79,2014-2022
2022,CE,8990,educacao,True,,,2014-2022
2023,CE,9858,educacao,True,,,2023-2025
2024,CE,9854,educacao,True,9233656.0,10.67,2023-2025
2025,CE,9941,educacao,True,9268836.0,10.73,2023-2025
2014,DF,5621,educacao,True,2852372.0,19.71,2014-2022
2015,DF,5940,educacao,True,2914830.0,20.38,2014-2022
2016,DF,6325,educacao,True,2977216.0,21.24,2014-2022
2017,DF,6245,educacao,True,3039444.0,20.55,2014-2022
2018,DF,6506,educacao,True,2974703.0,21.87,2014-2022
2019,DF,6717,educacao,True,3015268.0,22.28,2014-2022
2020,DF,6708,educacao,True,3055149.0,21.96,2014-2022
2021,DF,6616,educacao,True,3094325.0,21.38,2014-2022
2022,DF,6544,educacao,True,,,2014-2022
2023,DF,10030,educacao,True,,,2023-2025
2024,DF,9832,educacao,True,2982818.0,32.96,2023-2025
2025,DF,9890,educacao,True,2996899.0,33.0,2023-2025
2014,ES,6408,educacao,True,3885049.0,16.49,2014-2022
2015,ES,6422,educacao,True,3929911.0,16.34,2014-2022
2016,ES,6629,educacao,True,3973697.0,16.68,2014-2022
2017,ES,6664,educacao,True,4016356.0,16.59,2014-2022
2018,ES,6668,educacao,True,3972388.0,16.79,2014-2022
2019,ES,6669,educacao,True,4018650.0,16.6,2014-2022
2020,ES,6620,educacao,True,4064052.0,16.29,2014-2022
2021,ES,6528,educacao,True,4108508.0,15.89,2014-2022
2022,ES,6569,educacao,True,,,2014-2022
2023,ES,6443,educacao,True,,,2023-2025
2024,ES,6443,educacao,True,4102129.0,15.71,2023-2025
2025,ES,6480,educacao,True,4126854.0,15.7,2023-2025
2014,GO,6727,educacao,True,6523222.0,10.31,2014-2022
2015,GO,6834,educacao,True,6610681.0,10.34,2014-2022
2016,GO,7067,educacao,True,6695855.0,10.55,2014-2022
2017,GO,7045,educacao,True,6778772.0,10.39,2014-2022
2018,GO,7210,educacao,True,6921161.0,10.42,2014-2022
2019,GO,7192,educacao,True,7018354.0,10.25,2014-2022
2020,GO,7216,educacao,True,7113540.0,10.14,2014-2022
2021,GO,7192,educacao,True,7206589.0,9.98,2014-2022
2022,GO,7170,educacao,True,,,2014-2022
2023,GO,6894,educacao,True,,,2023-2025
2024,GO,7005,educacao,True,7350483.0,9.53,2023-2025
2025,GO,7037,educacao,True,7423629.0,9.48,2023-2025
2014,MA,5189,educacao,True,6850884.0,7.57,2014-2022
2015,MA,5589,educacao,True,6904241.0,8.1,2014-2022
2016,MA,6253,educacao,True,6954036.0,8.99,2014-2022
2017,MA,6449,educacao,True,7000229.0,9.21,2014-2022
2018,MA,6533,educacao,True,7035055.0,9.29,2014-2022
2019,MA,6685,educacao,True,7075181.0,9.45,2014-2022
2020,MA,6730,educacao,True,7114598.0,9.46,2014-2022
2021,MA,6694,educacao,True,7153262.0,9.36,2014-2022
2022,MA,6632,educacao,True,,,2014-2022
2023,MA,6549,educacao,True,,,2023-2025
2024,MA,6545,educacao,True,7010960.0,9.34,2023-2025
2025,MA,6492,educacao,True,7018211.0,9.25,2023-2025
2014,MG,29154,educacao,True,20734097.0,14.06,2014-2022
2015,MG,29498,educacao,True,20869101.0,14.13,2014-2022
2016,MG,30052,educacao,True,20997560.0,14.31,2014-2022
2017,MG,30317,educacao,True,21119536.0,14.35,2014-2022
2018,MG,30964,educacao,True,21040662.0,14.72,2014-2022
2019,MG,30910,educacao,True,21168791.0,14.6,2014-2022
2020,MG,30907,educacao,True,21292666.0,14.52,2014-2022
2021,MG,30676,educacao,True,21411923.0,14.33,2014-2022
2022,MG,30410,educacao,True,,,2014-2022
2023,MG,33519,educacao,True,,,2023-2025
2024,MG,33619,educacao,True,21322691.0,15.77,2023-2025
2025,MG,35324,educacao,True,21393441.0,16.51,2023-2025
2014,MS,5221,educacao,True,2619657.0,19.93,2014-2022
2015,MS,5381,educacao,True,2651235.0,20.3,2014-2022
2016,MS,5619,educacao,True,2682386.0,20.95,2014-2022
2017,MS,5812,educacao,True,2713147.0,21.42,2014-2022
2018,MS,5929,educacao,True,2748023.0,21.58,2014-2022
2019,MS,5964,educacao,True,2778986.0,21.46,2014-2022
2020,MS,5943,educacao,True,2809394.0,21.15,2014-2022
2021,MS,5887,educacao,True,2839188.0,20.73,2014-2022
2022,MS,5791,educacao,True,,,2014-2022
2023,MS,5826,educacao,True,,,2023-2025
2024,MS,5784,educacao,True,2901895.0,19.93,2023-2025
2025,MS,5791,educacao,True,2924631.0,19.8,2023-2025
2014,MT,4879,educacao,True,3224357.0,15.13,2014-2022
2015,MT,4938,educacao,True,3265486.0,15.12,2014-2022
2016,MT,5177,educacao,True,3305531.0,15.66,2014-2022
2017,MT,5266,educacao,True,3344544.0,15.75,2014-2022
2018,MT,5317,educacao,True,3441998.0,15.45,2014-2022
2019,MT,5226,educacao,True,3484466.0,15.0,2014-2022
2020,MT,5139,educacao,True,3526220.0,14.57,2014-2022
2021,MT,5131,educacao,True,3567234.0,14.38,2014-2022
2022,MT,5167,educacao,True,,,2014-2022
2023,MT,5161,educacao,True,,,2023-2025
2024,MT,5194,educacao,True,3836399.0,13.54,2023-2025
2025,MT,5250,educacao,True,3893659.0,13.48,2023-2025
2014,PA,7904,educacao,True,8073924.0,9.79,2014-2022
2015,PA,8080,educacao,True,8175113.0,9.88,2014-2022
2016,PA,8805,educacao,True,8272724.0,10.64,2014-2022
2017,PA,9674,educacao,True,8366628.0,11.56,2014-2022
2018,PA,9810,educacao,True,8513497.0,11.52,2014-2022
2019,PA,9907,educacao,True,8602865.0,11.52,2014-2022
2020,PA,9766,educacao,True,8690745.0,11.24,2014-2022
2021,PA,9471,educacao,True,8777124.0,10.79,2014-2022
2022,PA,9587,educacao,True,,,2014-2022
2023,PA,10021,educacao,True,,,2023-2025
2024,PA,10257,educacao,True,8664306.0,11.84,2023-2025
2025,PA,10322,educacao,True,8711196.0,11.85,2023-2025
2014,PB,9357,educacao,True,3943885.0,23.73,2014-2022
2015,PB,9253,educacao,True,3972202.0,23.29,2014-2022
2016,PB,9262,educacao,True,3999415.0,23.16,2014-2022
2017,PB,9268,educacao,True,4025558.0,23.02,2014-2022
2018,PB,9249,educacao,True,3996496.0,23.14,2014-2022
2019,PB,8925,educacao,True,4018127.0,22.21,2014-2022
2020,PB,9144,educacao,True,4039277.0,22.64,2014-2022
2021,PB,9059,educacao,True,4059905.0,22.31,2014-2022
2022,PB,8837,educacao,True,,,2014-2022
2023,PB,8494,educacao,True,,,2023-2025
2024,PB,8528,educacao,True,4145040.0,20.57,2023-2025
2025,PB,8669,educacao,True,4164468.0,20.82,2023-2025
2014,PE,11158,educacao,True,9277727.0,12.03,2014-2022
2015,PE,11356,educacao,True,9345173.0,12.15,2014-2022
2016,PE,10961,educacao,True,9410336.0,11.65,2014-2022
2017,PE,11117,educacao,True,9473266.0,11.74,2014-2022
2018,PE,11017,educacao,True,9496294.0,11.6,2014-2022
2019,PE,10868,educacao,True,9557071.0,11.37,2014-2022
2020,PE,11027,educacao,True,9616621.0,11.47,2014-2022
2021,PE,10989,educacao,True,9674793.0,11.36,2014-2022
2022,PE,10965,educacao,True,,,2014-2022
2023,PE,11380,educacao,True,,,2023-2025
2024,PE,11699,educacao,True,9539029.0,12.26,2023-2025
2025,PE,11873,educacao,True,9562007.0,12.42,2023-2025
2014,PI,6425,educacao,True,3194718.0,20.11,2014-2022
2015,PI,6773,educacao,True,3204028.0,21.14,2014-2022
2016,PI,7116,educacao,True,3212180.0,22.15,2014-2022
2017,PI,7485,educacao,True,3219257.0,23.25,2014-2022
2018,PI,7745,educacao,True,3264531.0,23.72,2014-2022
2019,PI,7788,educacao,True,3273227.0,23.79,2014-2022
2020,PI,7829,educacao,True,3281480.0,23.86,2014-2022
2021,PI,7853,educacao,True,3289290.0,23.87,2014-2022
2022,PI,7790,educacao,True,,,2014-2022
2023,PI,5787,educacao,True,,,2023-2025
2024,PI,5820,educacao,True,3375646.0,17.24,2023-2025
2025,PI,5770,educacao,True,3384547.0,17.05,2023-2025
2014,PR,11069,educacao,True,11081692.0,9.99,2014-2022
2015,PR,11615,educacao,True,11163018.0,10.4,2014-2022
2016,PR,11755,educacao,True,11242720.0,10.46,2014-2022
2017,PR,11768,educacao,True,11320892.0,10.39,2014-2022
2018,PR,11775,educacao,True,11348937.0,10.38,2014-2022
2019,PR,11609,educacao,True,11433957.0,10.15,2014-2022
2020,PR,11422,educacao,True,11516840.0,9.92,2014-2022
2021,PR,11291,educacao,True,11597484.0,9.74,2014-2022
2022,PR,11455,educacao,True,,,2014-2022
2023,PR,11911,educacao,True,,,2023-2025
2024,PR,12102,educacao,True,11824665.0,10.23,2023-2025
2025,PR,12142,educacao,True,11890517.0,10.21,2023-2025
2014,RJ,19814,educacao,True,16461173.0,12.04,2014-2022
2015,RJ,19800,educacao,True,16550024.0,11.96,2014-2022
2016,RJ,20391,educacao,True,16635996.0,12.26,2014-2022
2017,RJ,20542,educacao,True,16718956.0,12.29,2014-2022
2018,RJ,20861,educacao,True,17159960.0,12.16,2014-2022
2019,RJ,20357,educacao,True,17264943.0,11.79,2014-2022
2020,RJ,20037,educacao,True,17366189.0,11.54,2014-2022
2021,RJ,19786,educacao,True,17463349.0,11.33,2014-2022
2022,RJ,19527,educacao,True,,,2014-2022
2023,RJ,27248,educacao,True,,,2023-2025
2024,RJ,27932,educacao,True,17219679.0,16.22,2023-2025
2025,RJ,27568,educacao,True,17223547.0,16.01,2023-2025
2014,RN,7764,educacao,True,3408510.0,22.78,2014-2022
2015,RN,7855,educacao,True,3442175.0,22.82,2014-2022
2016,RN,8008,educacao,True,3474998.0,23.04,2014-2022
2017,RN,7839,educacao,True,3507003.0,22.35,2014-2022
2018,RN,8023,educacao,True,3479010.0,23.06,2014-2022
2019,RN,7962,educacao,True,3506853.0,22.7,2014-2022
2020,RN,7986,educacao,True,3534165.0,22.6,2014-2022
2021,RN,8000,educacao,True,3560903.0,22.47,2014-2022
2022,RN,7922,educacao,True,,,2014-2022
2023,RN,8957,educacao,True,,,2023-2025
2024,RN,8893,educacao,True,3446071.0,25.81,2023-2025
2025,RN,8896,educacao,True,3455236.0,25.75,2023-2025
2014,RO,1935,educacao,True,1748531.0,11.07,2014-2022
2015,RO,2025,educacao,True,1768204.0,11.45,2014-2022
2016,RO,2158,educacao,True,1787279.0,12.07,2014-2022
2017,RO,2227,educacao,True,1805788.0,12.33,2014-2022
2018,RO,2315,educacao,True,1757589.0,13.17,2014-2022
2019,RO,2345,educacao,True,1777225.0,13.19,2014-2022
2020,RO,2442,educacao,True,1796460.0,13.59,2014-2022
2021,RO,2432,educacao,True,1815278.0,13.4,2014-2022
2022,RO,2470,educacao,True,,,2014-2022
2023,RO,1387,educacao,True,,,2023-2025
2024,RO,1498,educacao,True,1746227.0,8.58,2023-2025
2025,RO,1499,educacao,True,1751950.0,8.56,2023-2025
2014,RR,1480,educacao,True,496936.0,29.78,2014-2022
2015,RR,1530,educacao,True,505665.0,30.26,2014-2022
2016,RR,1632,educacao,True,514229.0,31.74,2014-2022
2017,RR,1645,educacao,True,522636.0,31.48,2014-2022
2018,RR,1642,educacao,True,576568.0,28.48,2014-2022
2019,RR,1633,educacao,True,605761.0,26.96,2014-2022
2020,RR,1580,educacao,True,631181.0,25.03,2014-2022
2021,RR,1601,educacao,True,652713.0,24.53,2014-2022
2022,RR,1611,educacao,True,,,2014-2022
2023,RR,1652,educacao,True,,,2023-2025
2024,RR,1683,educacao,True,716793.0,23.48,2023-2025
2025,RR,1757,educacao,True,738772.0,23.78,2023-2025
2014,RS,13546,educacao,True,11207274.0,12.09,2014-2022
2015,RS,13828,educacao,True,11247972.0,12.29,2014-2022
2016,RS,13716,educacao,True,11286500.0,12.15,2014-2022
2017,RS,13819,educacao,True,11322895.0,12.2,2014-2022
2018,RS,13970,educacao,True,11329605.0,12.33,2014-2022
2019,RS,13882,educacao,True,11377239.0,12.2,2014-2022
2020,RS,13790,educacao,True,11422973.0,12.07,2014-2022
2021,RS,13751,educacao,True,11466630.0,11.99,2014-2022
2022,RS,13546,educacao,True,,,2014-2022
2023,RS,18533,educacao,True,,,2023-2025
2024,RS,18350,educacao,True,11229915.0,16.34,2023-2025
2025,RS,18496,educacao,True,11233263.0,16.47,2023-2025
2014,SC,7748,educacao,True,6727148.0,11.52,2014-2022
2015,SC,8107,educacao,True,6819190.0,11.89,2014-2022
2016,SC,8393,educacao,True,6910553.0,12.15,2014-2022
2017,SC,8525,educacao,True,7001161.0,12.18,2014-2022
2018,SC,8508,educacao,True,7075494.0,12.02,2014-2022
2019,SC,8441,educacao,True,7164788.0,11.78,2014-2022
2020,SC,8408,educacao,True,7252502.0,11.59,2014-2022
2021,SC,8380,educacao,True,7338473.0,11.42,2014-2022
2022,SC,8269,educacao,True,,,2014-2022
2023,SC,8471,educacao,True,,,2023-2025
2024,SC,8532,educacao,True,8058441.0,10.59,2023-2025
2025,SC,8496,educacao,True,8187029.0,10.38,2023-2025
2014,SE,4262,educacao,True,2219574.0,19.2,2014-2022
2015,SE,4356,educacao,True,2242937.0,19.42,2014-2022
2016,SE,4361,educacao,True,2265779.0,19.25,2014-2022
2017,SE,4187,educacao,True,2288116.0,18.3,2014-2022
2018,SE,4208,educacao,True,2278308.0,18.47,2014-2022
2019,SE,4148,educacao,True,2298696.0,18.05,2014-2022
2020,SE,4141,educacao,True,2318822.0,17.86,2014-2022
2021,SE,4135,educacao,True,2338474.0,17.68,2014-2022
2022,SE,4157,educacao,True,,,2014-2022
2023,SE,3982,educacao,True,,,2023-2025
2024,SE,4087,educacao,True,2291077.0,17.84,2023-2025
2025,SE,4288,educacao,True,2299425.0,18.65,2023-2025
2014,SP,9830,educacao,True,44035304.0,2.23,2014-2022
2015,SP,10058,educacao,True,44396484.0,2.27,2014-2022
2016,SP,10901,educacao,True,44749699.0,2.44,2014-2022
2017,SP,11208,educacao,True,45094866.0,2.49,2014-2022
2018,SP,11210,educacao,True,45538936.0,2.46,2014-2022
2019,SP,11390,educacao,True,45919049.0,2.48,2014-2022
2020,SP,11392,educacao,True,46289333.0,2.46,2014-2022
2021,SP,11362,educacao,True,46649132.0,2.44,2014-2022
2022,SP,11237,educacao,True,,,2014-2022
2023,SP,13082,educacao,True,,,2023-2025
2024,SP,13003,educacao,True,45973194.0,2.83,2023-2025
2025,SP,13008,educacao,True,46081801.0,2.82,2023-2025
2014,TO,2811,educacao,True,1496880.0,18.78,2014-2022
2015,TO,2969,educacao,True,1515126.0,19.6,2014-2022
2016,TO,3071,educacao,True,1532902.0,20.03,2014-2022
2017,TO,3126,educacao,True,1550194.0,20.17,2014-2022
2018,TO,3188,educacao,True,1555229.0,20.5,2014-2022
2019,TO,3234,educacao,True,1572866.0,20.56,2014-2022
2020,TO,3239,educacao,True,1590248.0,20.37,2014-2022
2021,TO,3203,educacao,True,1607363.0,19.93,2014-2022
2022,TO,3210,educacao,True,,,2014-2022
2023,TO,3077,educacao,True,,,2023-2025
2024,TO,3135,educacao,True,1577342.0,19.88,2023-2025
2025,TO,3199,educacao,True,1586859.0,20.16,2023-2025
2014,AC,27,exclusivos,False,790101.0,,2014-2022
2015,AC,24,exclusivos,False,803513.0,,2014-2022
2016,AC,24,exclusivos,False,816687.0,,2014-2022
2017,AC,28,exclusivos,False,829619.0,,2014-2022
2018,AC,27,exclusivos,False,869265.0,,2014-2022
2019,AC,16,exclusivos,False,881935.0,,2014-2022
2020,AC,13,exclusivos,False,894470.0,,2014-2022
2021,AC,13,exclusivos,False,906876.0,,2014-2022
2022,AC,9,exclusivos,False,,,2014-2022
2023,AC,109,exclusivos,True,,,2023-2025
2024,AC,123,exclusivos,True,880631.0,1.4,2023-2025
2025,AC,126,exclusivos,True,884372.0,1.42,2023-2025
2014,AL,579,exclusivos,False,3321730.0,,2014-2022
2015,AL,574,exclusivos,False,3340932.0,,2014-2022
2016,AL,569,exclusivos,False,3358963.0,,2014-2022
2017,AL,541,exclusivos,False,3375823.0,,2014-2022
2018,AL,445,exclusivos,False,3322820.0,,2014-2022
2019,AL,313,exclusivos,False,3337357.0,,2014-2022
2020,AL,291,exclusivos,False,3351543.0,,2014-2022
2021,AL,271,exclusivos,False,3365351.0,,2014-2022
2022,AL,278,exclusivos,False,,,2014-2022
2023,AL,446,exclusivos,True,,,2023-2025
2024,AL,413,exclusivos,True,3220104.0,1.28,2023-2025
2025,AL,408,exclusivos,True,3220848.0,1.27,2023-2025
2014,AM,330,exclusivos,False,3873743.0,,2014-2022
2015,AM,321,exclusivos,False,3938336.0,,2014-2022
2016,AM,312,exclusivos,False,4001667.0,,2014-2022
2017,AM,316,exclusivos,False,4063614.0,,2014-2022
2018,AM,312,exclusivos,False,4080611.0,,2014-2022
2019,AM,214,exclusivos,False,4144597.0,,2014-2022
2020,AM,189,exclusivos,False,4207714.0,,2014-2022
2021,AM,172,exclusivos,False,4269995.0,,2014-2022
2022,AM,164,exclusivos,False,,,2014-2022
2023,AM,473,exclusivos,True,,,2023-2025
2024,AM,513,exclusivos,True,4281209.0,1.2,2023-2025
2025,AM,518,exclusivos,True,4321616.0,1.2,2023-2025
2014,AP,89,exclusivos,False,750912.0,,2014-2022
2015,AP,62,exclusivos,False,766679.0,,2014-2022
2016,AP,64,exclusivos,False,782295.0,,2014-2022
2017,AP,78,exclusivos,False,797722.0,,2014-2022
2018,AP,76,exclusivos,False,829494.0,,2014-2022
2019,AP,43,exclusivos,False,845731.0,,2014-2022
2020,AP,39,exclusivos,False,861773.0,,2014-2022
2021,AP,39,exclusivos,False,877613.0,,2014-2022
2022,AP,36,exclusivos,False,,,2014-2022
2023,AP,133,exclusivos,True,,,2023-2025
2024,AP,137,exclusivos,True,802837.0,1.71,2023-2025
2025,AP,146,exclusivos,True,806517.0,1.81,2023-2025
2014,BA,1934,exclusivos,False,15126371.0,,2014-2022
2015,BA,1836,exclusivos,False,15203334.0,,2014-2022
2016,BA,1770,exclusivos,False,15276566.0,,2014-2022
2017,BA,1751,exclusivos,False,15344447.0,,2014-2022
2018,BA,1658,exclusivos,False,14812617.0,,2014-2022
2019,BA,1306,exclusivos,False,14873064.0,,2014-2022
2020,BA,1233,exclusivos,False,14930634.0,,2014-2022
2021,BA,1173,exclusivos,False,14985284.0,,2014-2022
2022,BA,1191,exclusivos,False,,,2014-2022
2023,BA,2180,exclusivos,True,,,2023-2025
2024,BA,2185,exclusivos,True,14850513.0,1.47,2023-2025
2025,BA,2146,exclusivos,True,14870907.0,1.44,2023-2025
2014,CE,1287,exclusivos,False,8842791.0,,2014-2022
2015,CE,1250,exclusivos,False,8904459.0,,2014-2022
2016,CE,1252,exclusivos,False,8963663.0,,2014-2022
2017,CE,1259,exclusivos,False,9020460.0,,2014-2022
2018,CE,1192,exclusivos,False,9075649.0,,2014-2022
2019,CE,841,exclusivos,False,9132078.0,,2014-2022
2020,CE,799,exclusivos,False,9187103.0,,2014-2022
2021,CE,749,exclusivos,False,9240580.0,,2014-2022
2022,CE,728,exclusivos,False,,,2014-2022
2023,CE,1471,exclusivos,True,,,2023-2025
2024,CE,1492,exclusivos,True,9233656.0,1.62,2023-2025
2025,CE,1514,exclusivos,True,9268836.0,1.63,2023-2025
2014,DF,453,exclusivos,False,2852372.0,,2014-2022
2015,DF,454,exclusivos,False,2914830.0,,2014-2022
2016,DF,458,exclusivos,False,2977216.0,,2014-2022
2017,DF,376,exclusivos,False,3039444.0,,2014-2022
2018,DF,352,exclusivos,False,2974703.0,,2014-2022
2019,DF,223,exclusivos,False,3015268.0,,2014-2022
2020,DF,202,exclusivos,False,3055149.0,,2014-2022
2021,DF,180,exclusivos,False,3094325.0,,2014-2022
2022,DF,172,exclusivos,False,,,2014-2022
2023,DF,3204,exclusivos,True,,,2023-2025
2024,DF,3754,exclusivos,True,2982818.0,12.59,2023-2025
2025,DF,4485,exclusivos,True,2996899.0,14.97,2023-2025
2014,ES,695,exclusivos,False,3885049.0,,2014-2022
2015,ES,658,exclusivos,False,3929911.0,,2014-2022
2016,ES,635,exclusivos,False,3973697.0,,2014-2022
2017,ES,583,exclusivos,False,4016356.0,,2014-2022
2018,ES,534,exclusivos,False,3972388.0,,2014-2022
2019,ES,369,exclusivos,False,4018650.0,,2014-2022
2020,ES,358,exclusivos,False,4064052.0,,2014-2022
2021,ES,421,exclusivos,False,4108508.0,,2014-2022
2022,ES,274,exclusivos,False,,,2014-2022
2023,ES,579,exclusivos,True,,,2023-2025
2024,ES,553,exclusivos,True,4102129.0,1.35,2023-2025
2025,ES,533,exclusivos,True,4126854.0,1.29,2023-2025
2014,GO,720,exclusivos,False,6523222.0,,2014-2022
2015,GO,687,exclusivos,False,6610681.0,,2014-2022
2016,GO,676,exclusivos,False,6695855.0,,2014-2022
2017,GO,711,exclusivos,False,6778772.0,,2014-2022
2018,GO,668,exclusivos,False,6921161.0,,2014-2022
2019,GO,453,exclusivos,False,7018354.0,,2014-2022
2020,GO,428,exclusivos,False,7113540.0,,2014-2022
2021,GO,409,exclusivos,False,7206589.0,,2014-2022
2022,GO,412,exclusivos,False,,,2014-2022
2023,GO,800,exclusivos,True,,,2023-2025
2024,GO,769,exclusivos,True,7350483.0,1.05,2023-2025
2025,GO,768,exclusivos,True,7423629.0,1.03,2023-2025
2014,MA,661,exclusivos,False,6850884.0,,2014-2022
2015,MA,637,exclusivos,False,6904241.0,,2014-2022
2016,MA,595,exclusivos,False,6954036.0,,2014-2022
2017,MA,597,exclusivos,False,7000229.0,,2014-2022
2018,MA,571,exclusivos,False,7035055.0,,2014-2022
2019,MA,462,exclusivos,False,7075181.0,,2014-2022
2020,MA,443,exclusivos,False,7114598.0,,2014-2022
2021,MA,429,exclusivos,False,7153262.0,,2014-2022
2022,MA,453,exclusivos,False,,,2014-2022
2023,MA,671,exclusivos,True,,,2023-2025
2024,MA,664,exclusivos,True,7010960.0,0.95,2023-2025
2025,MA,648,exclusivos,True,7018211.0,0.92,2023-2025
2014,MG,3198,exclusivos,False,20734097.0,,2014-2022
2015,MG,3090,exclusivos,False,20869101.0,,2014-2022
2016,MG,3023,exclusivos,False,20997560.0,,2014-2022
2017,MG,2957,exclusivos,False,21119536.0,,2014-2022
2018,MG,2790,exclusivos,False,21040662.0,,2014-2022
2019,MG,1910,exclusivos,False,21168791.0,,2014-2022
2020,MG,1784,exclusivos,False,21292666.0,,2014-2022
2021,MG,1635,exclusivos,False,21411923.0,,2014-2022
2022,MG,1608,exclusivos,False,,,2014-2022
2023,MG,3497,exclusivos,True,,,2023-2025
2024,MG,3472,exclusivos,True,21322691.0,1.63,2023-2025
2025,MG,3462,exclusivos,True,21393441.0,1.62,2023-2025
2014,MS,332,exclusivos,False,2619657.0,,2014-2022
2015,MS,302,exclusivos,False,2651235.0,,2014-2022
2016,MS,281,exclusivos,False,2682386.0,,2014-2022
2017,MS,273,exclusivos,False,2713147.0,,2014-2022
2018,MS,252,exclusivos,False,2748023.0,,2014-2022
2019,MS,185,exclusivos,False,2778986.0,,2014-2022
2020,MS,164,exclusivos,False,2809394.0,,2014-2022
2021,MS,147,exclusivos,False,2839188.0,,2014-2022
2022,MS,144,exclusivos,False,,,2014-2022
2023,MS,460,exclusivos,True,,,2023-2025
2024,MS,479,exclusivos,True,2901895.0,1.65,2023-2025
2025,MS,516,exclusivos,True,2924631.0,1.76,2023-2025
2014,MT,392,exclusivos,False,3224357.0,,2014-2022
2015,MT,370,exclusivos,False,3265486.0,,2014-2022
2016,MT,335,exclusivos,False,3305531.0,,2014-2022
2017,MT,328,exclusivos,False,3344544.0,,2014-2022
2018,MT,302,exclusivos,False,3441998.0,,2014-2022
2019,MT,235,exclusivos,False,3484466.0,,2014-2022
2020,MT,231,exclusivos,False,3526220.0,,2014-2022
2021,MT,216,exclusivos,False,3567234.0,,2014-2022
2022,MT,199,exclusivos,False,,,2014-2022
2023,MT,383,exclusivos,True,,,2023-2025
2024,MT,377,exclusivos,True,3836399.0,0.98,2023-2025
2025,MT,401,exclusivos,True,3893659.0,1.03,2023-2025
2014,PA,418,exclusivos,False,8073924.0,,2014-2022
2015,PA,398,exclusivos,False,8175113.0,,2014-2022
2016,PA,392,exclusivos,False,8272724.0,,2014-2022
2017,PA,436,exclusivos,False,8366628.0,,2014-2022
2018,PA,417,exclusivos,False,8513497.0,,2014-2022
2019,PA,336,exclusivos,False,8602865.0,,2014-2022
2020,PA,320,exclusivos,False,8690745.0,,2014-2022
2021,PA,299,exclusivos,False,8777124.0,,2014-2022
2022,PA,299,exclusivos,False,,,2014-2022
2023,PA,1063,exclusivos,True,,,2023-2025
2024,PA,1017,exclusivos,True,8664306.0,1.17,2023-2025
2025,PA,1018,exclusivos,True,8711196.0,1.17,2023-2025
2014,PB,672,exclusivos,False,3943885.0,,2014-2022
2015,PB,655,exclusivos,False,3972202.0,,2014-2022
2016,PB,649,exclusivos,False,3999415.0,,2014-2022
2017,PB,619,exclusivos,False,4025558.0,,2014-2022
2018,PB,580,exclusivos,False,3996496.0,,2014-2022
2019,PB,399,exclusivos,False,4018127.0,,2014-2022
2020,PB,351,exclusivos,False,4039277.0,,2014-2022
2021,PB,326,exclusivos,False,4059905.0,,2014-2022
2022,PB,301,exclusivos,False,,,2014-2022
2023,PB,558,exclusivos,True,,,2023-2025
2024,PB,522,exclusivos,True,4145040.0,1.26,2023-2025
2025,PB,542,exclusivos,True,4164468.0,1.3,2023-2025
2014,PE,1184,exclusivos,False,9277727.0,,2014-2022
2015,PE,1154,exclusivos,False,9345173.0,,2014-2022
2016,PE,1152,exclusivos,False,9410336.0,,2014-2022
2017,PE,1106,exclusivos,False,9473266.0,,2014-2022
2018,PE,1050,exclusivos,False,9496294.0,,2014-2022
2019,PE,796,exclusivos,False,9557071.0,,2014-2022
2020,PE,800,exclusivos,False,9616621.0,,2014-2022
2021,PE,729,exclusivos,False,9674793.0,,2014-2022
2022,PE,651,exclusivos,False,,,2014-2022
2023,PE,2105,exclusivos,True,,,2023-2025
2024,PE,2100,exclusivos,True,9539029.0,2.2,2023-2025
2025,PE,2052,exclusivos,True,9562007.0,2.15,2023-2025
2014,PI,496,exclusivos,False,3194718.0,,2014-2022
2015,PI,478,exclusivos,False,3204028.0,,2014-2022
2016,PI,478,exclusivos,False,3212180.0,,2014-2022
2017,PI,483,exclusivos,False,3219257.0,,2014-2022
2018,PI,477,exclusivos,False,3264531.0,,2014-2022
2019,PI,372,exclusivos,False,3273227.0,,2014-2022
2020,PI,373,exclusivos,False,3281480.0,,2014-2022
2021,PI,348,exclusivos,False,3289290.0,,2014-2022
2022,PI,321,exclusivos,False,,,2014-2022
2023,PI,520,exclusivos,True,,,2023-2025
2024,PI,526,exclusivos,True,3375646.0,1.56,2023-2025
2025,PI,525,exclusivos,True,3384547.0,1.55,2023-2025
2014,PR,1511,exclusivos,False,11081692.0,,2014-2022
2015,PR,1459,exclusivos,False,11163018.0,,2014-2022
2016,PR,1416,exclusivos,False,11242720.0,,2014-2022
2017,PR,1390,exclusivos,False,11320892.0,,2014-2022
2018,PR,1324,exclusivos,False,11348937.0,,2014-2022
2019,PR,966,exclusivos,False,11433957.0,,2014-2022
2020,PR,934,exclusivos,False,11516840.0,,2014-2022
2021,PR,891,exclusivos,False,11597484.0,,2014-2022
2022,PR,873,exclusivos,False,,,2014-2022
2023,PR,2384,exclusivos,True,,,2023-2025
2024,PR,2320,exclusivos,True,11824665.0,1.96,2023-2025
2025,PR,2319,exclusivos,True,11890517.0,1.95,2023-2025
2014,RJ,2889,exclusivos,False,16461173.0,,2014-2022
2015,RJ,2768,exclusivos,False,16550024.0,,2014-2022
2016,RJ,2655,exclusivos,False,16635996.0,,2014-2022
2017,RJ,2486,exclusivos,False,16718956.0,,2014-2022
2018,RJ,2169,exclusivos,False,17159960.0,,2014-2022
2019,RJ,1411,exclusivos,False,17264943.0,,2014-2022
2020,RJ,1244,exclusivos,False,17366189.0,,2014-2022
2021,RJ,1077,exclusivos,False,17463349.0,,2014-2022
2022,RJ,942,exclusivos,False,,,2014-2022
2023,RJ,4354,exclusivos,True,,,2023-2025
2024,RJ,4337,exclusivos,True,17219679.0,2.52,2023-2025
2025,RJ,4447,exclusivos,True,17223547.0,2.58,2023-2025
2014,RN,283,exclusivos,False,3408510.0,,2014-2022
2015,RN,275,exclusivos,False,3442175.0,,2014-2022
2016,RN,266,exclusivos,False,3474998.0,,2014-2022
2017,RN,259,exclusivos,False,3507003.0,,2014-2022
2018,RN,247,exclusivos,False,3479010.0,,2014-2022
2019,RN,192,exclusivos,False,3506853.0,,2014-2022
2020,RN,183,exclusivos,False,3534165.0,,2014-2022
2021,RN,166,exclusivos,False,3560903.0,,2014-2022
2022,RN,167,exclusivos,False,,,2014-2022
2023,RN,493,exclusivos,True,,,2023-2025
2024,RN,472,exclusivos,True,3446071.0,1.37,2023-2025
2025,RN,473,exclusivos,True,3455236.0,1.37,2023-2025
2014,RO,207,exclusivos,False,1748531.0,,2014-2022
2015,RO,197,exclusivos,False,1768204.0,,2014-2022
2016,RO,190,exclusivos,False,1787279.0,,2014-2022
2017,RO,193,exclusivos,False,1805788.0,,2014-2022
2018,RO,179,exclusivos,False,1757589.0,,2014-2022
2019,RO,111,exclusivos,False,1777225.0,,2014-2022
2020,RO,103,exclusivos,False,1796460.0,,2014-2022
2021,RO,104,exclusivos,False,1815278.0,,2014-2022
2022,RO,85,exclusivos,False,,,2014-2022
2023,RO,273,exclusivos,True,,,2023-2025
2024,RO,288,exclusivos,True,1746227.0,1.65,2023-2025
2025,RO,288,exclusivos,True,1751950.0,1.64,2023-2025
2014,RR,21,exclusivos,False,496936.0,,2014-2022
2015,RR,18,exclusivos,False,505665.0,,2014-2022
2016,RR,12,exclusivos,False,514229.0,,2014-2022
2017,RR,9,exclusivos,False,522636.0,,2014-2022
2018,RR,8,exclusivos,False,576568.0,,2014-2022
2019,RR,8,exclusivos,False,605761.0,,2014-2022
2020,RR,6,exclusivos,False,631181.0,,2014-2022
2021,RR,6,exclusivos,False,652713.0,,2014-2022
2022,RR,28,exclusivos,False,,,2014-2022
2023,RR,132,exclusivos,True,,,2023-2025
2024,RR,147,exclusivos,True,716793.0,2.05,2023-2025
2025,RR,161,exclusivos,True,738772.0,2.18,2023-2025
2014,RS,1823,exclusivos,False,11207274.0,,2014-2022
2015,RS,1766,exclusivos,False,11247972.0,,2014-2022
2016,RS,1743,exclusivos,False,11286500.0,,2014-2022
2017,RS,1728,exclusivos,False,11322895.0,,2014-2022
2018,RS,1633,exclusivos,False,11329605.0,,2014-2022
2019,RS,1211,exclusivos,False,11377239.0,,2014-2022
2020,RS,1154,exclusivos,False,11422973.0,,2014-2022
2021,RS,1002,exclusivos,False,11466630.0,,2014-2022
2022,RS,1069,exclusivos,False,,,2014-2022
2023,RS,2573,exclusivos,True,,,2023-2025
2024,RS,2602,exclusivos,True,11229915.0,2.32,2023-2025
2025,RS,2595,exclusivos,True,11233263.0,2.31,2023-2025
2014,SC,1364,exclusivos,False,6727148.0,,2014-2022
2015,SC,1318,exclusivos,False,6819190.0,,2014-2022
2016,SC,1264,exclusivos,False,6910553.0,,2014-2022
2017,SC,1228,exclusivos,False,7001161.0,,2014-2022
2018,SC,1154,exclusivos,False,7075494.0,,2014-2022
2019,SC,805,exclusivos,False,7164788.0,,2014-2022
2020,SC,761,exclusivos,False,7252502.0,,2014-2022
2021,SC,731,exclusivos,False,7338473.0,,2014-2022
2022,SC,694,exclusivos,False,,,2014-2022
2023,SC,1684,exclusivos,True,,,2023-2025
2024,SC,1697,exclusivos,True,8058441.0,2.11,2023-2025
2025,SC,1696,exclusivos,True,8187029.0,2.07,2023-2025
2014,SE,308,exclusivos,False,2219574.0,,2014-2022
2015,SE,304,exclusivos,False,2242937.0,,2014-2022
2016,SE,298,exclusivos,False,2265779.0,,2014-2022
2017,SE,301,exclusivos,False,2288116.0,,2014-2022
2018,SE,277,exclusivos,False,2278308.0,,2014-2022
2019,SE,195,exclusivos,False,2298696.0,,2014-2022
2020,SE,204,exclusivos,False,2318822.0,,2014-2022
2021,SE,193,exclusivos,False,2338474.0,,2014-2022
2022,SE,157,exclusivos,False,,,2014-2022
2023,SE,359,exclusivos,True,,,2023-2025
2024,SE,352,exclusivos,True,2291077.0,1.54,2023-2025
2025,SE,336,exclusivos,True,2299425.0,1.46,2023-2025
2014,SP,5563,exclusivos,False,44035304.0,,2014-2022
2015,SP,5341,exclusivos,False,44396484.0,,2014-2022
2016,SP,5190,exclusivos,False,44749699.0,,2014-2022
2017,SP,5012,exclusivos,False,45094866.0,,2014-2022
2018,SP,4641,exclusivos,False,45538936.0,,2014-2022
2019,SP,3320,exclusivos,False,45919049.0,,2014-2022
2020,SP,3123,exclusivos,False,46289333.0,,2014-2022
2021,SP,2941,exclusivos,False,46649132.0,,2014-2022
2022,SP,2763,exclusivos,False,,,2014-2022
2023,SP,7859,exclusivos,True,,,2023-2025
2024,SP,7772,exclusivos,True,45973194.0,1.69,2023-2025
2025,SP,7693,exclusivos,True,46081801.0,1.67,2023-2025
2014,TO,110,exclusivos,False,1496880.0,,2014-2022
2015,TO,102,exclusivos,False,1515126.0,,2014-2022
2016,TO,99,exclusivos,False,1532902.0,,2014-2022
2017,TO,103,exclusivos,False,1550194.0,,2014-2022
2018,TO,99,exclusivos,False,1555229.0,,2014-2022
2019,TO,83,exclusivos,False,1572866.0,,2014-2022
2020,TO,76,exclusivos,False,1590248.0,,2014-2022
2021,TO,68,exclusivos,False,1607363.0,,2014-2022
2022,TO,97,exclusivos,False,,,2014-2022
2023,TO,180,exclusivos,True,,,2023-2025
2024,TO,178,exclusivos,True,1577342.0,1.13,2023-2025
2025,TO,177,exclusivos,True,1586859.0,1.12,2023-2025
2014,AC,1841,nucleo,False,790101.0,,2014-2022
2015,AC,2005,nucleo,False,803513.0,,2014-2022
2016,AC,2059,nucleo,False,816687.0,,2014-2022
2017,AC,2151,nucleo,False,829619.0,,2014-2022
2018,AC,2196,nucleo,False,869265.0,,2014-2022
2019,AC,2219,nucleo,False,881935.0,,2014-2022
2020,AC,2175,nucleo,False,894470.0,,2014-2022
2021,AC,2175,nucleo,False,906876.0,,2014-2022
2022,AC,2166,nucleo,False,,,2014-2022
2023,AC,2162,nucleo,True,,,2023-2025
2024,AC,2206,nucleo,True,880631.0,25.05,2023-2025
2025,AC,2301,nucleo,True,884372.0,26.02,2023-2025
2014,AL,5230,nucleo,False,3321730.0,,2014-2022
2015,AL,5263,nucleo,False,3340932.0,,2014-2022
2016,AL,5292,nucleo,False,3358963.0,,2014-2022
2017,AL,5552,nucleo,False,3375823.0,,2014-2022
2018,AL,5560,nucleo,False,3322820.0,,2014-2022
2019,AL,5361,nucleo,False,3337357.0,,2014-2022
2020,AL,5420,nucleo,False,3351543.0,,2014-2022
2021,AL,5415,nucleo,False,3365351.0,,2014-2022
2022,AL,5396,nucleo,False,,,2014-2022
2023,AL,4352,nucleo,True,,,2023-2025
2024,AL,4345,nucleo,True,3220104.0,13.49,2023-2025
2025,AL,4320,nucleo,True,3220848.0,13.41,2023-2025
2014,AM,4674,nucleo,False,3873743.0,,2014-2022
2015,AM,5097,nucleo,False,3938336.0,,2014-2022
2016,AM,5185,nucleo,False,4001667.0,,2014-2022
2017,AM,5381,nucleo,False,4063614.0,,2014-2022
2018,AM,5315,nucleo,False,4080611.0,,2014-2022
2019,AM,5188,nucleo,False,4144597.0,,2014-2022
2020,AM,5178,nucleo,False,4207714.0,,2014-2022
2021,AM,5078,nucleo,False,4269995.0,,2014-2022
2022,AM,5084,nucleo,False,,,2014-2022
2023,AM,5431,nucleo,True,,,2023-2025
2024,AM,5487,nucleo,True,4281209.0,12.82,2023-2025
2025,AM,5458,nucleo,True,4321616.0,12.63,2023-2025
2014,AP,1432,nucleo,False,750912.0,,2014-2022
2015,AP,1448,nucleo,False,766679.0,,2014-2022
2016,AP,1771,nucleo,False,782295.0,,2014-2022
2017,AP,1920,nucleo,False,797722.0,,2014-2022
2018,AP,2050,nucleo,False,829494.0,,2014-2022
2019,AP,1979,nucleo,False,845731.0,,2014-2022
2020,AP,1951,nucleo,False,861773.0,,2014-2022
2021,AP,1939,nucleo,False,877613.0,,2014-2022
2022,AP,1812,nucleo,False,,,2014-2022
2023,AP,1789,nucleo,True,,,2023-2025
2024,AP,1831,nucleo,True,802837.0,22.81,2023-2025
2025,AP,1936,nucleo,True,806517.0,24.0,2023-2025
2014,BA,9613,nucleo,False,15126371.0,,2014-2022
2015,BA,9901,nucleo,False,15203334.0,,2014-2022
2016,BA,10035,nucleo,False,15276566.0,,2014-2022
2017,BA,10025,nucleo,False,15344447.0,,2014-2022
2018,BA,10406,nucleo,False,14812617.0,,2014-2022
2019,BA,9939,nucleo,False,14873064.0,,2014-2022
2020,BA,9894,nucleo,False,14930634.0,,2014-2022
2021,BA,9789,nucleo,False,14985284.0,,2014-2022
2022,BA,9754,nucleo,False,,,2014-2022
2023,BA,10801,nucleo,True,,,2023-2025
2024,BA,11049,nucleo,True,14850513.0,7.44,2023-2025
2025,BA,10761,nucleo,True,14870907.0,7.24,2023-2025
2014,CE,9337,nucleo,False,8842791.0,,2014-2022
2015,CE,9627,nucleo,False,8904459.0,,2014-2022
2016,CE,10098,nucleo,False,8963663.0,,2014-2022
2017,CE,10515,nucleo,False,9020460.0,,2014-2022
2018,CE,10570,nucleo,False,9075649.0,,2014-2022
2019,CE,9981,nucleo,False,9132078.0,,2014-2022
2020,CE,9860,nucleo,False,9187103.0,,2014-2022
2021,CE,9791,nucleo,False,9240580.0,,2014-2022
2022,CE,9718,nucleo,False,,,2014-2022
2023,CE,11329,nucleo,True,,,2023-2025
2024,CE,11346,nucleo,True,9233656.0,12.29,2023-2025
2025,CE,11455,nucleo,True,9268836.0,12.36,2023-2025
2014,DF,6074,nucleo,False,2852372.0,,2014-2022
2015,DF,6394,nucleo,False,2914830.0,,2014-2022
2016,DF,6783,nucleo,False,2977216.0,,2014-2022
2017,DF,6621,nucleo,False,3039444.0,,2014-2022
2018,DF,6858,nucleo,False,2974703.0,,2014-2022
2019,DF,6940,nucleo,False,3015268.0,,2014-2022
2020,DF,6910,nucleo,False,3055149.0,,2014-2022
2021,DF,6796,nucleo,False,3094325.0,,2014-2022
2022,DF,6716,nucleo,False,,,2014-2022
2023,DF,13234,nucleo,True,,,2023-2025
2024,DF,13586,nucleo,True,2982818.0,45.55,2023-2025
2025,DF,14375,nucleo,True,2996899.0,47.97,2023-2025
2014,ES,7103,nucleo,False,3885049.0,,2014-2022
2015,ES,7080,nucleo,False,3929911.0,,2014-2022
2016,ES,7264,nucleo,False,3973697.0,,2014-2022
2017,ES,7247,nucleo,False,4016356.0,,2014-2022
2018,ES,7202,nucleo,False,3972388.0,,2014-2022
2019,ES,7038,nucleo,False,4018650.0,,2014-2022
2020,ES,6978,nucleo,False,4064052.0,,2014-2022
2021,ES,6949,nucleo,False,4108508.0,,2014-2022
2022,ES,6843,nucleo,False,,,2014-2022
2023,ES,7022,nucleo,True,,,2023-2025
2024,ES,6996,nucleo,True,4102129.0,17.05,2023-2025
2025,ES,7013,nucleo,True,4126854.0,16.99,2023-2025
2014,GO,7447,nucleo,False,6523222.0,,2014-2022
2015,GO,7521,nucleo,False,6610681.0,,2014-2022
2016,GO,7743,nucleo,False,6695855.0,,2014-2022
2017,GO,7756,nucleo,False,6778772.0,,2014-2022
2018,GO,7878,nucleo,False,6921161.0,,2014-2022
2019,GO,7645,nucleo,False,7018354.0,,2014-2022
2020,GO,7644,nucleo,False,7113540.0,,2014-2022
2021,GO,7601,nucleo,False,7206589.0,,2014-2022
2022,GO,7582,nucleo,False,,,2014-2022
2023,GO,7694,nucleo,True,,,2023-2025
2024,GO,7774,nucleo,True,7350483.0,10.58,2023-2025
2025,GO,7805,nucleo,True,7423629.0,10.51,2023-2025
2014,MA,5850,nucleo,False,6850884.0,,2014-2022
2015,MA,6226,nucleo,False,6904241.0,,2014-2022
2016,MA,6848,nucleo,False,6954036.0,,2014-2022
2017,MA,7046,nucleo,False,7000229.0,,2014-2022
2018,MA,7104,nucleo,False,7035055.0,,2014-2022
2019,MA,7147,nucleo,False,7075181.0,,2014-2022
2020,MA,7173,nucleo,False,7114598.0,,2014-2022
2021,MA,7123,nucleo,False,7153262.0,,2014-2022
2022,MA,7085,nucleo,False,,,2014-2022
2023,MA,7220,nucleo,True,,,2023-2025
2024,MA,7209,nucleo,True,7010960.0,10.28,2023-2025
2025,MA,7140,nucleo,True,7018211.0,10.17,2023-2025
2014,MG,32352,nucleo,False,20734097.0,,2014-2022
2015,MG,32588,nucleo,False,20869101.0,,2014-2022
2016,MG,33075,nucleo,False,20997560.0,,2014-2022
2017,MG,33274,nucleo,False,21119536.0,,2014-2022
2018,MG,33754,nucleo,False,21040662.0,,2014-2022
2019,MG,32820,nucleo,False,21168791.0,,2014-2022
2020,MG,32691,nucleo,False,21292666.0,,2014-2022
2021,MG,32311,nucleo,False,21411923.0,,2014-2022
2022,MG,32018,nucleo,False,,,2014-2022
2023,MG,37016,nucleo,True,,,2023-2025
2024,MG,37091,nucleo,True,21322691.0,17.4,2023-2025
2025,MG,38786,nucleo,True,21393441.0,18.13,2023-2025
2014,MS,5553,nucleo,False,2619657.0,,2014-2022
2015,MS,5683,nucleo,False,2651235.0,,2014-2022
2016,MS,5900,nucleo,False,2682386.0,,2014-2022
2017,MS,6085,nucleo,False,2713147.0,,2014-2022
2018,MS,6181,nucleo,False,2748023.0,,2014-2022
2019,MS,6149,nucleo,False,2778986.0,,2014-2022
2020,MS,6107,nucleo,False,2809394.0,,2014-2022
2021,MS,6034,nucleo,False,2839188.0,,2014-2022
2022,MS,5935,nucleo,False,,,2014-2022
2023,MS,6286,nucleo,True,,,2023-2025
2024,MS,6263,nucleo,True,2901895.0,21.58,2023-2025
2025,MS,6307,nucleo,True,2924631.0,21.57,2023-2025
2014,MT,5271,nucleo,False,3224357.0,,2014-2022
2015,MT,5308,nucleo,False,3265486.0,,2014-2022
2016,MT,5512,nucleo,False,3305531.0,,2014-2022
2017,MT,5594,nucleo,False,3344544.0,,2014-2022
2018,MT,5619,nucleo,False,3441998.0,,2014-2022
2019,MT,5461,nucleo,False,3484466.0,,2014-2022
2020,MT,5370,nucleo,False,3526220.0,,2014-2022
2021,MT,5347,nucleo,False,3567234.0,,2014-2022
2022,MT,5366,nucleo,False,,,2014-2022
2023,MT,5544,nucleo,True,,,2023-2025
2024,MT,5571,nucleo,True,3836399.0,14.52,2023-2025
2025,MT,5651,nucleo,True,3893659.0,14.51,2023-2025
2014,PA,8322,nucleo,False,8073924.0,,2014-2022
2015,PA,8478,nucleo,False,8175113.0,,2014-2022
2016,PA,9197,nucleo,False,8272724.0,,2014-2022
2017,PA,10110,nucleo,False,8366628.0,,2014-2022
2018,PA,10227,nucleo,False,8513497.0,,2014-2022
2019,PA,10243,nucleo,False,8602865.0,,2014-2022
2020,PA,10086,nucleo,False,8690745.0,,2014-2022
2021,PA,9770,nucleo,False,8777124.0,,2014-2022
2022,PA,9886,nucleo,False,,,2014-2022
2023,PA,11084,nucleo,True,,,2023-2025
2024,PA,11274,nucleo,True,8664306.0,13.01,2023-2025
2025,PA,11340,nucleo,True,8711196.0,13.02,2023-2025
2014,PB,10029,nucleo,False,3943885.0,,2014-2022
2015,PB,9908,nucleo,False,3972202.0,,2014-2022
2016,PB,9911,nucleo,False,3999415.0,,2014-2022
2017,PB,9887,nucleo,False,4025558.0,,2014-2022
2018,PB,9829,nucleo,False,3996496.0,,2014-2022
2019,PB,9324,nucleo,False,4018127.0,,2014-2022
2020,PB,9495,nucleo,False,4039277.0,,2014-2022
2021,PB,9385,nucleo,False,4059905.0,,2014-2022
2022,PB,9138,nucleo,False,,,2014-2022
2023,PB,9052,nucleo,True,,,2023-2025
2024,PB,9050,nucleo,True,4145040.0,21.83,2023-2025
2025,PB,9211,nucleo,True,4164468.0,22.12,2023-2025
2014,PE,12342,nucleo,False,9277727.0,,2014-2022
2015,PE,12510,nucleo,False,9345173.0,,2014-2022
2016,PE,12113,nucleo,False,9410336.0,,2014-2022
2017,PE,12223,nucleo,False,9473266.0,,2014-2022
2018,PE,12067,nucleo,False,9496294.0,,2014-2022
2019,PE,11664,nucleo,False,9557071.0,,2014-2022
2020,PE,11827,nucleo,False,9616621.0,,2014-2022
2021,PE,11718,nucleo,False,9674793.0,,2014-2022
2022,PE,11616,nucleo,False,,,2014-2022
2023,PE,13485,nucleo,True,,,2023-2025
2024,PE,13799,nucleo,True,9539029.0,14.47,2023-2025
2025,PE,13925,nucleo,True,9562007.0,14.56,2023-2025
2014,PI,6921,nucleo,False,3194718.0,,2014-2022
2015,PI,7251,nucleo,False,3204028.0,,2014-2022
2016,PI,7594,nucleo,False,3212180.0,,2014-2022
2017,PI,7968,nucleo,False,3219257.0,,2014-2022
2018,PI,8222,nucleo,False,3264531.0,,2014-2022
2019,PI,8160,nucleo,False,3273227.0,,2014-2022
2020,PI,8202,nucleo,False,3281480.0,,2014-2022
2021,PI,8201,nucleo,False,3289290.0,,2014-2022
2022,PI,8111,nucleo,False,,,2014-2022
2023,PI,6307,nucleo,True,,,2023-2025
2024,PI,6346,nucleo,True,3375646.0,18.8,2023-2025
2025,PI,6295,nucleo,True,3384547.0,18.6,2023-2025
2014,PR,12580,nucleo,False,11081692.0,,2014-2022
2015,PR,13074,nucleo,False,11163018.0,,2014-2022
2016,PR,13171,nucleo,False,11242720.0,,2014-2022
2017,PR,13158,nucleo,False,11320892.0,,2014-2022
2018,PR,13099,nucleo,False,11348937.0,,2014-2022
2019,PR,12575,nucleo,False,11433957.0,,2014-2022
2020,PR,12356,nucleo,False,11516840.0,,2014-2022
2021,PR,12182,nucleo,False,11597484.0,,2014-2022
2022,PR,12328,nucleo,False,,,2014-2022
2023,PR,14295,nucleo,True,,,2023-2025
2024,PR,14422,nucleo,True,11824665.0,12.2,2023-2025
2025,PR,14461,nucleo,True,11890517.0,12.16,2023-2025
2014,RJ,22703,nucleo,False,16461173.0,,2014-2022
2015,RJ,22568,nucleo,False,16550024.0,,2014-2022
2016,RJ,23046,nucleo,False,16635996.0,,2014-2022
2017,RJ,23028,nucleo,False,16718956.0,,2014-2022
2018,RJ,23030,nucleo,False,17159960.0,,2014-2022
2019,RJ,21768,nucleo,False,17264943.0,,2014-2022
2020,RJ,21281,nucleo,False,17366189.0,,2014-2022
2021,RJ,20863,nucleo,False,17463349.0,,2014-2022
2022,RJ,20469,nucleo,False,,,2014-2022
2023,RJ,31602,nucleo,True,,,2023-2025
2024,RJ,32269,nucleo,True,17219679.0,18.74,2023-2025
2025,RJ,32015,nucleo,True,17223547.0,18.59,2023-2025
2014,RN,8047,nucleo,False,3408510.0,,2014-2022
2015,RN,8130,nucleo,False,3442175.0,,2014-2022
2016,RN,8274,nucleo,False,3474998.0,,2014-2022
2017,RN,8098,nucleo,False,3507003.0,,2014-2022
2018,RN,8270,nucleo,False,3479010.0,,2014-2022
2019,RN,8154,nucleo,False,3506853.0,,2014-2022
2020,RN,8169,nucleo,False,3534165.0,,2014-2022
2021,RN,8166,nucleo,False,3560903.0,,2014-2022
2022,RN,8089,nucleo,False,,,2014-2022
2023,RN,9450,nucleo,True,,,2023-2025
2024,RN,9365,nucleo,True,3446071.0,27.18,2023-2025
2025,RN,9369,nucleo,True,3455236.0,27.12,2023-2025
2014,RO,2142,nucleo,False,1748531.0,,2014-2022
2015,RO,2222,nucleo,False,1768204.0,,2014-2022
2016,RO,2348,nucleo,False,1787279.0,,2014-2022
2017,RO,2420,nucleo,False,1805788.0,,2014-2022
2018,RO,2494,nucleo,False,1757589.0,,2014-2022
2019,RO,2456,nucleo,False,1777225.0,,2014-2022
2020,RO,2545,nucleo,False,1796460.0,,2014-2022
2021,RO,2536,nucleo,False,1815278.0,,2014-2022
2022,RO,2555,nucleo,False,,,2014-2022
2023,RO,1660,nucleo,True,,,2023-2025
2024,RO,1786,nucleo,True,1746227.0,10.23,2023-2025
2025,RO,1787,nucleo,True,1751950.0,10.2,2023-2025
2014,RR,1501,nucleo,False,496936.0,,2014-2022
2015,RR,1548,nucleo,False,505665.0,,2014-2022
2016,RR,1644,nucleo,False,514229.0,,2014-2022
2017,RR,1654,nucleo,False,522636.0,,2014-2022
2018,RR,1650,nucleo,False,576568.0,,2014-2022
2019,RR,1641,nucleo,False,605761.0,,2014-2022
2020,RR,1586,nucleo,False,631181.0,,2014-2022
2021,RR,1607,nucleo,False,652713.0,,2014-2022
2022,RR,1639,nucleo,False,,,2014-2022
2023,RR,1784,nucleo,True,,,2023-2025
2024,RR,1830,nucleo,True,716793.0,25.53,2023-2025
2025,RR,1918,nucleo,True,738772.0,25.96,2023-2025
2014,RS,15369,nucleo,False,11207274.0,,2014-2022
2015,RS,15594,nucleo,False,11247972.0,,2014-2022
2016,RS,15459,nucleo,False,11286500.0,,2014-2022
2017,RS,15547,nucleo,False,11322895.0,,2014-2022
2018,RS,15603,nucleo,False,11329605.0,,2014-2022
2019,RS,15093,nucleo,False,11377239.0,,2014-2022
2020,RS,14944,nucleo,False,11422973.0,,2014-2022
2021,RS,14753,nucleo,False,11466630.0,,2014-2022
2022,RS,14615,nucleo,False,,,2014-2022
2023,RS,21106,nucleo,True,,,2023-2025
2024,RS,20952,nucleo,True,11229915.0,18.66,2023-2025
2025,RS,21091,nucleo,True,11233263.0,18.78,2023-2025
2014,SC,9112,nucleo,False,6727148.0,,2014-2022
2015,SC,9425,nucleo,False,6819190.0,,2014-2022
2016,SC,9657,nucleo,False,6910553.0,,2014-2022
2017,SC,9753,nucleo,False,7001161.0,,2014-2022
2018,SC,9662,nucleo,False,7075494.0,,2014-2022
2019,SC,9246,nucleo,False,7164788.0,,2014-2022
2020,SC,9169,nucleo,False,7252502.0,,2014-2022
2021,SC,9111,nucleo,False,7338473.0,,2014-2022
2022,SC,8963,nucleo,False,,,2014-2022
2023,SC,10155,nucleo,True,,,2023-2025
2024,SC,10229,nucleo,True,8058441.0,12.69,2023-2025
2025,SC,10192,nucleo,True,8187029.0,12.45,2023-2025
2014,SE,4570,nucleo,False,2219574.0,,2014-2022
2015,SE,4660,nucleo,False,2242937.0,,2014-2022
2016,SE,4659,nucleo,False,2265779.0,,2014-2022
2017,SE,4488,nucleo,False,2288116.0,,2014-2022
2018,SE,4485,nucleo,False,2278308.0,,2014-2022
2019,SE,4343,nucleo,False,2298696.0,,2014-2022
2020,SE,4345,nucleo,False,2318822.0,,2014-2022
2021,SE,4328,nucleo,False,2338474.0,,2014-2022
2022,SE,4314,nucleo,False,,,2014-2022
2023,SE,4341,nucleo,True,,,2023-2025
2024,SE,4439,nucleo,True,2291077.0,19.38,2023-2025
2025,SE,4624,nucleo,True,2299425.0,20.11,2023-2025
2014,SP,15393,nucleo,False,44035304.0,,2014-2022
2015,SP,15399,nucleo,False,44396484.0,,2014-2022
2016,SP,16091,nucleo,False,44749699.0,,2014-2022
2017,SP,16220,nucleo,False,45094866.0,,2014-2022
2018,SP,15851,nucleo,False,45538936.0,,2014-2022
2019,SP,14710,nucleo,False,45919049.0,,2014-2022
2020,SP,14515,nucleo,False,46289333.0,,2014-2022
2021,SP,14303,nucleo,False,46649132.0,,2014-2022
2022,SP,14000,nucleo,False,,,2014-2022
2023,SP,20941,nucleo,True,,,2023-2025
2024,SP,20775,nucleo,True,45973194.0,4.52,2023-2025
2025,SP,20701,nucleo,True,46081801.0,4.49,2023-2025
2014,TO,2921,nucleo,False,1496880.0,,2014-2022
2015,TO,3071,nucleo,False,1515126.0,,2014-2022
2016,TO,3170,nucleo,False,1532902.0,,2014-2022
2017,TO,3229,nucleo,False,1550194.0,,2014-2022
2018,TO,3287,nucleo,False,1555229.0,,2014-2022
2019,TO,3317,nucleo,False,1572866.0,,2014-2022
2020,TO,3315,nucleo,False,1590248.0,,2014-2022
2021,TO,3271,nucleo,False,1607363.0,,2014-2022
2022,TO,3307,nucleo,False,,,2014-2022
2023,TO,3257,nucleo,True,,,2023-2025
2024,TO,3313,nucleo,True,1577342.0,21.0,2023-2025
2025,TO,3376,nucleo,True,1586859.0,21.27,2023-2025
2014,AC,2341,total,False,790101.0,,2014-2022
2015,AC,2513,total,False,803513.0,,2014-2022
2016,AC,2535,total,False,816687.0,,2014-2022
2017,AC,2525,total,False,829619.0,,2014-2022
2018,AC,2532,total,False,869265.0,,2014-2022
2019,AC,2492,total,False,881935.0,,2014-2022
2020,AC,2434,total,False,894470.0,,2014-2022
2021,AC,2402,total,False,906876.0,,2014-2022
2022,AC,2397,total,False,,,2014-2022
2023,AC,2552,total,True,,,2023-2025
2024,AC,2603,total,True,880631.0,29.56,2023-2025
2025,AC,2714,total,True,884372.0,30.69,2023-2025
2014,AL,6109,total,False,3321730.0,,2014-2022
2015,AL,6132,total,False,3340932.0,,2014-2022
2016,AL,6078,total,False,3358963.0,,2014-2022
2017,AL,6274,total,False,3375823.0,,2014-2022
2018,AL,6257,total,False,3322820.0,,2014-2022
2019,AL,5983,total,False,3337357.0,,2014-2022
2020,AL,6059,total,False,3351543.0,,2014-2022
2021,AL,6019,total,False,3365351.0,,2014-2022
2022,AL,5989,total,False,,,2014-2022
2023,AL,4907,total,True,,,2023-2025
2024,AL,4952,total,True,3220104.0,15.38,2023-2025
2025,AL,4990,total,True,3220848.0,15.49,2023-2025
2014,AM,6418,total,False,3873743.0,,2014-2022
2015,AM,6757,total,False,3938336.0,,2014-2022
2016,AM,6805,total,False,4001667.0,,2014-2022
2017,AM,6953,total,False,4063614.0,,2014-2022
2018,AM,6783,total,False,4080611.0,,2014-2022
2019,AM,6366,total,False,4144597.0,,2014-2022
2020,AM,6279,total,False,4207714.0,,2014-2022
2021,AM,6088,total,False,4269995.0,,2014-2022
2022,AM,6109,total,False,,,2014-2022
2023,AM,6932,total,True,,,2023-2025
2024,AM,6999,total,True,4281209.0,16.35,2023-2025
2025,AM,7133,total,True,4321616.0,16.51,2023-2025
2014,AP,3137,total,False,750912.0,,2014-2022
2015,AP,2997,total,False,766679.0,,2014-2022
2016,AP,3275,total,False,782295.0,,2014-2022
2017,AP,3336,total,False,797722.0,,2014-2022
2018,AP,3321,total,False,829494.0,,2014-2022
2019,AP,3011,total,False,845731.0,,2014-2022
2020,AP,2886,total,False,861773.0,,2014-2022
2021,AP,2785,total,False,877613.0,,2014-2022
2022,AP,2563,total,False,,,2014-2022
2023,AP,2245,total,True,,,2023-2025
2024,AP,2349,total,True,802837.0,29.26,2023-2025
2025,AP,2458,total,True,806517.0,30.48,2023-2025
2014,BA,17552,total,False,15126371.0,,2014-2022
2015,BA,17936,total,False,15203334.0,,2014-2022
2016,BA,16584,total,False,15276566.0,,2014-2022
2017,BA,16405,total,False,15344447.0,,2014-2022
2018,BA,16839,total,False,14812617.0,,2014-2022
2019,BA,15882,total,False,14873064.0,,2014-2022
2020,BA,15718,total,False,14930634.0,,2014-2022
2021,BA,15499,total,False,14985284.0,,2014-2022
2022,BA,14860,total,False,,,2014-2022
2023,BA,17289,total,True,,,2023-2025
2024,BA,17899,total,True,14850513.0,12.05,2023-2025
2025,BA,17718,total,True,14870907.0,11.91,2023-2025
2014,CE,11772,total,False,8842791.0,,2014-2022
2015,CE,12018,total,False,8904459.0,,2014-2022
2016,CE,12437,total,False,8963663.0,,2014-2022
2017,CE,12831,total,False,9020460.0,,2014-2022
2018,CE,12750,total,False,9075649.0,,2014-2022
2019,CE,11703,total,False,9132078.0,,2014-2022
2020,CE,11518,total,False,9187103.0,,2014-2022
2021,CE,11387,total,False,9240580.0,,2014-2022
2022,CE,11173,total,False,,,2014-2022
2023,CE,13095,total,True,,,2023-2025
2024,CE,13196,total,True,9233656.0,14.29,2023-2025
2025,CE,13367,total,True,9268836.0,14.42,2023-2025
2014,DF,8595,total,False,2852372.0,,2014-2022
2015,DF,8988,total,False,2914830.0,,2014-2022
2016,DF,9360,total,False,2977216.0,,2014-2022
2017,DF,9011,total,False,3039444.0,,2014-2022
2018,DF,9073,total,False,2974703.0,,2014-2022
2019,DF,8575,total,False,3015268.0,,2014-2022
2020,DF,8243,total,False,3055149.0,,2014-2022
2021,DF,8008,total,False,3094325.0,,2014-2022
2022,DF,7818,total,False,,,2014-2022
2023,DF,32989,total,True,,,2023-2025
2024,DF,36006,total,True,2982818.0,120.71,2023-2025
2025,DF,42877,total,True,2996899.0,143.07,2023-2025
2014,ES,8330,total,False,3885049.0,,2014-2022
2015,ES,8310,total,False,3929911.0,,2014-2022
2016,ES,8429,total,False,3973697.0,,2014-2022
2017,ES,8377,total,False,4016356.0,,2014-2022
2018,ES,8272,total,False,3972388.0,,2014-2022
2019,ES,7805,total,False,4018650.0,,2014-2022
2020,ES,7738,total,False,4064052.0,,2014-2022
2021,ES,7676,total,False,4108508.0,,2014-2022
2022,ES,7545,total,False,,,2014-2022
2023,ES,7794,total,True,,,2023-2025
2024,ES,7881,total,True,4102129.0,19.21,2023-2025
2025,ES,7946,total,True,4126854.0,19.25,2023-2025
2014,GO,9605,total,False,6523222.0,,2014-2022
2015,GO,9653,total,False,6610681.0,,2014-2022
2016,GO,9348,total,False,6695855.0,,2014-2022
2017,GO,9270,total,False,6778772.0,,2014-2022
2018,GO,9349,total,False,6921161.0,,2014-2022
2019,GO,8785,total,False,7018354.0,,2014-2022
2020,GO,8719,total,False,7113540.0,,2014-2022
2021,GO,8639,total,False,7206589.0,,2014-2022
2022,GO,8550,total,False,,,2014-2022
2023,GO,9636,total,True,,,2023-2025
2024,GO,10001,total,True,7350483.0,13.61,2023-2025
2025,GO,10325,total,True,7423629.0,13.91,2023-2025
2014,MA,7539,total,False,6850884.0,,2014-2022
2015,MA,7801,total,False,6904241.0,,2014-2022
2016,MA,8361,total,False,6954036.0,,2014-2022
2017,MA,8483,total,False,7000229.0,,2014-2022
2018,MA,8486,total,False,7035055.0,,2014-2022
2019,MA,8309,total,False,7075181.0,,2014-2022
2020,MA,8267,total,False,7114598.0,,2014-2022
2021,MA,8140,total,False,7153262.0,,2014-2022
2022,MA,8065,total,False,,,2014-2022
2023,MA,8324,total,True,,,2023-2025
2024,MA,8327,total,True,7010960.0,11.88,2023-2025
2025,MA,8411,total,True,7018211.0,11.98,2023-2025
2014,MG,37345,total,False,20734097.0,,2014-2022
2015,MG,37418,total,False,20869101.0,,2014-2022
2016,MG,37199,total,False,20997560.0,,2014-2022
2017,MG,37504,total,False,21119536.0,,2014-2022
2018,MG,37811,total,False,21040662.0,,2014-2022
2019,MG,36076,total,False,21168791.0,,2014-2022
2020,MG,35847,total,False,21292666.0,,2014-2022
2021,MG,35297,total,False,21411923.0,,2014-2022
2022,MG,34810,total,False,,,2014-2022
2023,MG,40251,total,True,,,2023-2025
2024,MG,40677,total,True,21322691.0,19.08,2023-2025
2025,MG,42452,total,True,21393441.0,19.84,2023-2025
2014,MS,6622,total,False,2619657.0,,2014-2022
2015,MS,6756,total,False,2651235.0,,2014-2022
2016,MS,6944,total,False,2682386.0,,2014-2022
2017,MS,7070,total,False,2713147.0,,2014-2022
2018,MS,7152,total,False,2748023.0,,2014-2022
2019,MS,6933,total,False,2778986.0,,2014-2022
2020,MS,6872,total,False,2809394.0,,2014-2022
2021,MS,6758,total,False,2839188.0,,2014-2022
2022,MS,6628,total,False,,,2014-2022
2023,MS,7147,total,True,,,2023-2025
2024,MS,7195,total,True,2901895.0,24.79,2023-2025
2025,MS,7303,total,True,2924631.0,24.97,2023-2025
2014,MT,6848,total,False,3224357.0,,2014-2022
2015,MT,6838,total,False,3265486.0,,2014-2022
2016,MT,7048,total,False,3305531.0,,2014-2022
2017,MT,6973,total,False,3344544.0,,2014-2022
2018,MT,6803,total,False,3441998.0,,2014-2022
2019,MT,6351,total,False,3484466.0,,2014-2022
2020,MT,6201,total,False,3526220.0,,2014-2022
2021,MT,6134,total,False,3567234.0,,2014-2022
2022,MT,6179,total,False,,,2014-2022
2023,MT,6370,total,True,,,2023-2025
2024,MT,6392,total,True,3836399.0,16.66,2023-2025
2025,MT,6529,total,True,3893659.0,16.77,2023-2025
2014,PA,10448,total,False,8073924.0,,2014-2022
2015,PA,10568,total,False,8175113.0,,2014-2022
2016,PA,11164,total,False,8272724.0,,2014-2022
2017,PA,12239,total,False,8366628.0,,2014-2022
2018,PA,12154,total,False,8513497.0,,2014-2022
2019,PA,11837,total,False,8602865.0,,2014-2022
2020,PA,11475,total,False,8690745.0,,2014-2022
2021,PA,11126,total,False,8777124.0,,2014-2022
2022,PA,11241,total,False,,,2014-2022
2023,PA,13523,total,True,,,2023-2025
2024,PA,13941,total,True,8664306.0,16.09,2023-2025
2025,PA,14112,total,True,8711196.0,16.2,2023-2025
2014,PB,13088,total,False,3943885.0,,2014-2022
2015,PB,13198,total,False,3972202.0,,2014-2022
2016,PB,13221,total,False,3999415.0,,2014-2022
2017,PB,13328,total,False,4025558.0,,2014-2022
2018,PB,13160,total,False,3996496.0,,2014-2022
2019,PB,12385,total,False,4018127.0,,2014-2022
2020,PB,12705,total,False,4039277.0,,2014-2022
2021,PB,12540,total,False,4059905.0,,2014-2022
2022,PB,12232,total,False,,,2014-2022
2023,PB,12346,total,True,,,2023-2025
2024,PB,12459,total,True,4145040.0,30.06,2023-2025
2025,PB,12697,total,True,4164468.0,30.49,2023-2025
2014,PE,15458,total,False,9277727.0,,2014-2022
2015,PE,15556,total,False,9345173.0,,2014-2022
2016,PE,15045,total,False,9410336.0,,2014-2022
2017,PE,14993,total,False,9473266.0,,2014-2022
2018,PE,14678,total,False,9496294.0,,2014-2022
2019,PE,13850,total,False,9557071.0,,2014-2022
2020,PE,13866,total,False,9616621.0,,2014-2022
2021,PE,13652,total,False,9674793.0,,2014-2022
2022,PE,13302,total,False,,,2014-2022
2023,PE,15999,total,True,,,2023-2025
2024,PE,16759,total,True,9539029.0,17.57,2023-2025
2025,PE,17047,total,True,9562007.0,17.83,2023-2025
2014,PI,8571,total,False,3194718.0,,2014-2022
2015,PI,9195,total,False,3204028.0,,2014-2022
2016,PI,9747,total,False,3212180.0,,2014-2022
2017,PI,10187,total,False,3219257.0,,2014-2022
2018,PI,10293,total,False,3264531.0,,2014-2022
2019,PI,10072,total,False,3273227.0,,2014-2022
2020,PI,10024,total,False,3281480.0,,2014-2022
2021,PI,9909,total,False,3289290.0,,2014-2022
2022,PI,9706,total,False,,,2014-2022
2023,PI,7936,total,True,,,2023-2025
2024,PI,8095,total,True,3375646.0,23.98,2023-2025
2025,PI,8039,total,True,3384547.0,23.75,2023-2025
2014,PR,15053,total,False,11081692.0,,2014-2022
2015,PR,15588,total,False,11163018.0,,2014-2022
2016,PR,15586,total,False,11242720.0,,2014-2022
2017,PR,15566,total,False,11320892.0,,2014-2022
2018,PR,15391,total,False,11348937.0,,2014-2022
2019,PR,14458,total,False,11433957.0,,2014-2022
2020,PR,14222,total,False,11516840.0,,2014-2022
2021,PR,13946,total,False,11597484.0,,2014-2022
2022,PR,14010,total,False,,,2014-2022
2023,PR,15916,total,True,,,2023-2025
2024,PR,16246,total,True,11824665.0,13.74,2023-2025
2025,PR,16358,total,True,11890517.0,13.76,2023-2025
2014,RJ,34138,total,False,16461173.0,,2014-2022
2015,RJ,33816,total,False,16550024.0,,2014-2022
2016,RJ,31047,total,False,16635996.0,,2014-2022
2017,RJ,29529,total,False,16718956.0,,2014-2022
2018,RJ,28705,total,False,17159960.0,,2014-2022
2019,RJ,25944,total,False,17264943.0,,2014-2022
2020,RJ,24819,total,False,17366189.0,,2014-2022
2021,RJ,24235,total,False,17463349.0,,2014-2022
2022,RJ,23708,total,False,,,2014-2022
2023,RJ,56952,total,True,,,2023-2025
2024,RJ,57694,total,True,17219679.0,33.5,2023-2025
2025,RJ,57636,total,True,17223547.0,33.46,2023-2025
2014,RN,8888,total,False,3408510.0,,2014-2022
2015,RN,8974,total,False,3442175.0,,2014-2022
2016,RN,9103,total,False,3474998.0,,2014-2022
2017,RN,8912,total,False,3507003.0,,2014-2022
2018,RN,9047,total,False,3479010.0,,2014-2022
2019,RN,8770,total,False,3506853.0,,2014-2022
2020,RN,8753,total,False,3534165.0,,2014-2022
2021,RN,8762,total,False,3560903.0,,2014-2022
2022,RN,8641,total,False,,,2014-2022
2023,RN,10267,total,True,,,2023-2025
2024,RN,10173,total,True,3446071.0,29.52,2023-2025
2025,RN,10236,total,True,3455236.0,29.62,2023-2025
2014,RO,3440,total,False,1748531.0,,2014-2022
2015,RO,3446,total,False,1768204.0,,2014-2022
2016,RO,3550,total,False,1787279.0,,2014-2022
2017,RO,3504,total,False,1805788.0,,2014-2022
2018,RO,3508,total,False,1757589.0,,2014-2022
2019,RO,3209,total,False,1777225.0,,2014-2022
2020,RO,3300,total,False,1796460.0,,2014-2022
2021,RO,3285,total,False,1815278.0,,2014-2022
2022,RO,3226,total,False,,,2014-2022
2023,RO,2529,total,True,,,2023-2025
2024,RO,2640,total,True,1746227.0,15.12,2023-2025
2025,RO,2667,total,True,1751950.0,15.22,2023-2025
2014,RR,2261,total,False,496936.0,,2014-2022
2015,RR,2301,total,False,505665.0,,2014-2022
2016,RR,2343,total,False,514229.0,,2014-2022
2017,RR,2307,total,False,522636.0,,2014-2022
2018,RR,2265,total,False,576568.0,,2014-2022
2019,RR,2133,total,False,605761.0,,2014-2022
2020,RR,2034,total,False,631181.0,,2014-2022
2021,RR,2058,total,False,652713.0,,2014-2022
2022,RR,2045,total,False,,,2014-2022
2023,RR,2344,total,True,,,2023-2025
2024,RR,2469,total,True,716793.0,34.45,2023-2025
2025,RR,2562,total,True,738772.0,34.68,2023-2025
2014,RS,20563,total,False,11207274.0,,2014-2022
2015,RS,20069,total,False,11247972.0,,2014-2022
2016,RS,19780,total,False,11286500.0,,2014-2022
2017,RS,19631,total,False,11322895.0,,2014-2022
2018,RS,19579,total,False,11329605.0,,2014-2022
2019,RS,18445,total,False,11377239.0,,2014-2022
2020,RS,18282,total,False,11422973.0,,2014-2022
2021,RS,18145,total,False,11466630.0,,2014-2022
2022,RS,17796,total,False,,,2014-2022
2023,RS,25734,total,True,,,2023-2025
2024,RS,26101,total,True,11229915.0,23.24,2023-2025
2025,RS,26427,total,True,11233263.0,23.53,2023-2025
2014,SC,12185,total,False,6727148.0,,2014-2022
2015,SC,12500,total,False,6819190.0,,2014-2022
2016,SC,12851,total,False,6910553.0,,2014-2022
2017,SC,13006,total,False,7001161.0,,2014-2022
2018,SC,12803,total,False,7075494.0,,2014-2022
2019,SC,12197,total,False,7164788.0,,2014-2022
2020,SC,12113,total,False,7252502.0,,2014-2022
2021,SC,12023,total,False,7338473.0,,2014-2022
2022,SC,11663,total,False,,,2014-2022
2023,SC,13422,total,True,,,2023-2025
2024,SC,13659,total,True,8058441.0,16.95,2023-2025
2025,SC,13669,total,True,8187029.0,16.7,2023-2025
2014,SE,5806,total,False,2219574.0,,2014-2022
2015,SE,5768,total,False,2242937.0,,2014-2022
2016,SE,5685,total,False,2265779.0,,2014-2022
2017,SE,5343,total,False,2288116.0,,2014-2022
2018,SE,5343,total,False,2278308.0,,2014-2022
2019,SE,4945,total,False,2298696.0,,2014-2022
2020,SE,4886,total,False,2318822.0,,2014-2022
2021,SE,4834,total,False,2338474.0,,2014-2022
2022,SE,4821,total,False,,,2014-2022
2023,SE,4889,total,True,,,2023-2025
2024,SE,4929,total,True,2291077.0,21.51,2023-2025
2025,SE,5139,total,True,2299425.0,22.35,2023-2025
2014,SP,22725,total,False,44035304.0,,2014-2022
2015,SP,22565,total,False,44396484.0,,2014-2022
2016,SP,22011,total,False,44749699.0,,2014-2022
2017,SP,21900,total,False,45094866.0,,2014-2022
2018,SP,21714,total,False,45538936.0,,2014-2022
2019,SP,19423,total,False,45919049.0,,2014-2022
2020,SP,19107,total,False,46289333.0,,2014-2022
2021,SP,18566,total,False,46649132.0,,2014-2022
2022,SP,17955,total,False,,,2014-2022
2023,SP,26786,total,True,,,2023-2025
2024,SP,27315,total,True,45973194.0,5.94,2023-2025
2025,SP,27789,total,True,46081801.0,6.03,2023-2025
2014,TO,3677,total,False,1496880.0,,2014-2022
2015,TO,3809,total,False,1515126.0,,2014-2022
2016,TO,3872,total,False,1532902.0,,2014-2022
2017,TO,3865,total,False,1550194.0,,2014-2022
2018,TO,3881,total,False,1555229.0,,2014-2022
2019,TO,3811,total,False,1572866.0,,2014-2022
2020,TO,3819,total,False,1590248.0,,2014-2022
2021,TO,3779,total,False,1607363.0,,2014-2022
2022,TO,3799,total,False,,,2014-2022
2023,TO,3677,total,True,,,2023-2025
2024,TO,3743,total,True,1577342.0,23.73,2023-2025
2025,TO,3836,total,True,1586859.0,24.17,2023-2025
